Year,State,District,AvgSyllabicCount,GDP
1993,Andhra Pradesh,Prakasam,2.9566490426136967,1369.2715490148646
1993,Andhra Pradesh,Anantapur,2.389105452336354,1241.257897428516
1993,Andhra Pradesh,Kurnool,2.142194145220873,1290.005717767837
1993,Andhra Pradesh,Vizianagaram,2.9789922520929752,611.3919701969437
1993,Andhra Pradesh,Krishna,2.743863973123249,3563.882752473067
1993,Andhra Pradesh,Chittoor,1.941648495420846,2124.222616895841
1993,Andhra Pradesh,Guntur,2.8036578607057083,5177.086645249754
1993,Andhra Pradesh,Kadapa,2.8342573209726023,1420.92034129421
1993,Andhra Pradesh,Srikakulam,2.9880313222842347,767.8227739257994
1993,Andhra Pradesh,Visakhapatnam,2.8450926943871333,5859.467718295921
1993,Andhra Pradesh,West Godavari,2.8473776902182024,6620.147414546637
1993,Andhra Pradesh,Nellore,2.856259450675936,1620.296604650398
1993,Andhra Pradesh,East Godavari,2.8879404709225143,5742.1405265677295
1993,Haryana,Panipat,2.787121919086568,2813.0369690543603
1993,Haryana,Jind,2.8602956931647743,1356.1964047474835
1993,Haryana,Fatehabad,3.052948935368381,1682.6625555956934
1993,Haryana,Kaithal,2.9560432569974555,1767.4565052157666
1993,Haryana,Hisar,2.8413757165190203,2423.655349671723
1993,Haryana,Sirsa,3.1348619329388563,816.1420160320455
1993,Haryana,Gurgaon,2.8112247781608546,7820.473751337977
1993,Haryana,Kurukshetra,3.020754716981132,3301.3873020539704
1993,Haryana,Panchkula,2.9608956165247555,2014.379234384409
1993,Haryana,Faridabad,2.8404183988199008,6887.2030649192
1993,Haryana,Jhajjar,2.795992043026597,1594.5395927517554
1993,Haryana,Karnal,2.8628760934345863,3469.3055131846645
1993,Haryana,Yamunanagar,2.9662055127257365,1286.1953350933766
1993,Haryana,Sonipat,2.7717104894320794,2902.0516587315
1993,Haryana,Mahendragarh,2.8545301660710534,1336.999832523514
1993,Haryana,Rohtak,2.784517697919481,2135.8223360989537
1993,Haryana,Bhiwani,2.839667257832953,1551.2587030477137
1993,Haryana,Ambala,3.0577844842890114,2355.554359099146
1993,Haryana,Rewari,2.8051522248243557,2417.921237252333
1993,Himachal Pradesh,Bilaspur,2.759266640095656,881.6208345393726
1993,Himachal Pradesh,Kinnaur,2.7831021437578816,477.38533975849975
1993,Himachal Pradesh,Kangra,2.799183764745346,612.7683084707603
1993,Himachal Pradesh,Solan,2.8808049535603715,966.8074633747341
1993,Himachal Pradesh,Kullu,2.632433386271396,806.0841916997078
1993,Himachal Pradesh,Shimla,2.7665204095200107,827.7155659653805
1993,Himachal Pradesh,Hamirpur,2.9354132843933085,2218.236911490052
1993,Himachal Pradesh,Mandi,2.6642797841427983,1281.2208978229144
1993,Himachal Pradesh,Sirmaur,2.8418585693906664,1195.2912436240624
1993,Himachal Pradesh,Chamba,2.66383246732798,601.8963319599561
1993,Himachal Pradesh,Una,2.8894685990338163,716.5840770709075
1993,Madhya Pradesh,Datia,3.021404041210766,514.7634778933323
1993,Madhya Pradesh,Narsinghpur,2.9826903023983315,1510.6524181156906
1993,Madhya Pradesh,Damoh,3.0184017632887383,673.9604476067437
1993,Madhya Pradesh,Mandsaur,3.2230716210288866,1474.0828113621294
1993,Madhya Pradesh,Dindori,3.0882063398306747,198.75869640159263
1993,Madhya Pradesh,Shahdol,3.0195318636435036,1061.846718035786
1993,Madhya Pradesh,Khandwa,2.9728163191948234,1386.4624148859248
1993,Madhya Pradesh,Harda,2.947760388559093,596.7347867745267
1993,Madhya Pradesh,Ratlam,2.944652767361632,1058.9414205932105
1993,Madhya Pradesh,Sidhi,3.0258812168034765,1807.5909933616608
1993,Madhya Pradesh,Morena,3.023013204866045,1181.0636124646048
1993,Madhya Pradesh,Tikamgarh,3.1990446521287637,630.6147125222517
1993,Madhya Pradesh,Chhindwara,3.1326767266046205,1502.4299953437067
1993,Madhya Pradesh,Indore,2.8270638263073966,6135.825765999392
1993,Madhya Pradesh,Satna,2.914135896875683,1133.273734840151
1993,Madhya Pradesh,Bhopal,2.8408459442691054,1354.5541809085491
1993,Madhya Pradesh,Katni,2.822548304775793,1282.2142437762234
1993,Madhya Pradesh,Panna,2.9855517428210216,474.3052115033275
1993,Madhya Pradesh,Bhind,3.0295000883236183,945.7643200720328
1993,Madhya Pradesh,Mandla,2.9879353827278305,288.75902814335257
1993,Madhya Pradesh,Sheopur,3.0763679619349724,432.9859539455813
1993,Madhya Pradesh,Khargone,2.9949207007359804,541.9387665335514
1993,Madhya Pradesh,Ujjain,2.9841240281204904,1746.4564799207087
1993,Madhya Pradesh,Balaghat,3.1830217550395847,604.5961071540895
1993,Madhya Pradesh,Betul,3.003537988707026,804.3877841889687
1993,Madhya Pradesh,Sagar,2.991746031746032,1091.4012873216943
1993,Madhya Pradesh,Sehore,2.888937814961593,1158.7039365463813
1993,Madhya Pradesh,Raisen,3.009092221099726,1221.5129329130255
1993,Madhya Pradesh,Guna,2.877446658437665,1165.8848725893852
1993,Madhya Pradesh,Chhatarpur,3.2173333333333334,642.3699402697767
1993,Madhya Pradesh,Barwani,2.9718330414477525,583.2242285721679
1993,Madhya Pradesh,Shajapur,3.0594822571262363,1261.5147954337856
1993,Madhya Pradesh,Seoni,3.2556172520661155,1109.3942090921705
1993,Madhya Pradesh,Shivpuri,3.0417708773183487,1165.4268122380695
1993,Madhya Pradesh,Jabalpur,2.8248653428732213,2070.8978661135143
1993,Madhya Pradesh,Neemuch,3.247249631393898,1238.753834824779
1993,Madhya Pradesh,Jhabua,2.7514299436755008,436.8550945227812
1993,Madhya Pradesh,Dhar,2.9878942338324306,1167.3111009005015
1993,Madhya Pradesh,Rajgarh,3.1137277705092794,740.8265376328125
1993,Madhya Pradesh,Vidisha,3.0484138555125435,1163.2026924261686
1993,Madhya Pradesh,Gwalior,2.8780184904098247,1201.701592216092
1993,Madhya Pradesh,Umaria,2.9715162558741732,365.0517041146747
1993,Madhya Pradesh,Hoshangabad,2.9592991620415714,572.051590586749
1993,Madhya Pradesh,Rewa,3.0107614802310554,1165.5540331694106
1993,Madhya Pradesh,Dewas,2.916509702571291,1057.728416576849
1993,Manipur,Tamenglong,2.9345203905801265,179.19402916423238
1993,Manipur,Senapati,2.0140526976160604,467.22930839476
1993,Manipur,Chandel,1.926713947990544,257.40779543770685
1993,Manipur,Imphal West,2.493605359317905,904.5976626688471
1993,Manipur,Bishnupur,2.4649809800850297,823.0036927761066
1993,Manipur,Churachandpur,2.5869943453675512,416.1148829673911
1993,Manipur,Imphal East,2.4056478002666344,958.3597032453947
1993,Manipur,Ukhrul,1.9315188762071995,335.63396971874994
1993,Manipur,Thoubal,2.286524822695036,609.7657431014368
1993,Meghalaya,East Garo Hills,2.3814713896457764,248.79975950693742
1993,Meghalaya,West Garo Hills,2.426202772492525,385.7313847690857
1993,Meghalaya,South Garo Hills,2.3653431825176976,418.2551870928331
1993,Meghalaya,East Jaintia Hills,2.3319049474094284,618.0887781600967
1993,Meghalaya,West Khasi Hills,2.8529695024077046,344.7950267103968
1993,Meghalaya,Ri Bhoi,2.59043704024232,514.1513731447436
1993,Meghalaya,East Khasi Hills,2.74230202707442,993.70594110534
1993,Mizoram,Mamit,3.333640552995392,199.22787893844082
1993,Mizoram,Lawngtlai,2.7320399538993465,176.66723086357175
1993,Mizoram,Lunglei,2.8202091967633707,295.83869885485433
1993,Mizoram,Aizawl,3.011574632264288,466.7858090405861
1993,Mizoram,Saiha,1.959030100334448,256.0262968664236
1993,Mizoram,Serchhip,3.243589743589743,318.0390762906485
1993,Mizoram,Kolasib,3.2125094197437836,238.82369404983936
1993,Mizoram,Champhai,3.789148654609616,220.91716456133548
1993,Uttar Pradesh,Shahjahanpur,3.0409508803597927,1077.492474616973
1993,Uttar Pradesh,Moradabad,2.8417793537802005,1665.8127759643342
1993,Uttar Pradesh,Chitrakoot,3.1796023391812867,190.99123375040486
1993,Uttar Pradesh,Pilibhit,2.929708665800705,1196.8840854084165
1993,Uttar Pradesh,Etah,2.871405896281648,1216.0052702060975
1993,Uttar Pradesh,Auraiyya,2.8050500454959053,1081.2863533139619
1993,Uttar Pradesh,Kanpur Rural,2.8536243725925066,656.2684784474097
1993,Uttar Pradesh,Unnao,2.863067124660083,806.1281875911725
1993,Uttar Pradesh,Sultanpur,2.875144744908385,799.5904761309962
1993,Uttar Pradesh,Faizabad,3.048702776513428,731.0741555589783
1993,Uttar Pradesh,Mau,2.8372093023255816,1010.8713837783054
1993,Uttar Pradesh,Jhansi,2.97076894919863,1189.3304521305126
1993,Uttar Pradesh,Hardoi,2.9121465893636818,824.2713592780512
1993,Uttar Pradesh,Kannauj,2.9150599973034916,722.1829120698222
1993,Uttar Pradesh,Aligarh,2.880798106188705,1708.4811069477973
1993,Uttar Pradesh,Ghaziabad,2.8148378455945666,4727.476095365707
1993,Uttar Pradesh,Kaushambi,2.8964885146359625,327.27313846876507
1993,Uttar Pradesh,Mathura,2.9179977675994,873.6122103153955
1993,Uttar Pradesh,Farrukhabad,2.9532040963911634,1289.3018468985915
1993,Uttar Pradesh,Hamirpur,2.9354132843933085,2218.236911490052
1993,Uttar Pradesh,Sitapur,2.940352587193287,714.6546488116844
1993,Uttar Pradesh,Bulandshahr,2.883898419559638,1265.1691978251215
1993,Uttar Pradesh,Pratapgarh,2.8391883877891053,1337.9926086342725
1993,Uttar Pradesh,Meerut,2.8080147410470646,3614.026958822875
1993,Uttar Pradesh,Agra,2.8616007151931493,2224.6506398506376
1993,Uttar Pradesh,Mainpuri,2.8850105306415985,969.7457473290738
1993,Uttar Pradesh,Rampur,2.9770188169119134,1016.3148756530597
1993,Uttar Pradesh,Gautam Buddh Nagar,2.829843276702226,1577.7281546402114
1993,Uttar Pradesh,Allahabad,2.808802134858549,2542.401946834779
1993,Uttar Pradesh,Saharanpur,2.9020327899924183,1437.8176531272827
1993,Uttar Pradesh,Bijnor,2.8488130343466915,1786.3675842440014
1993,Uttar Pradesh,Kheri,2.941008349769112,1395.6945783274875
1993,Uttar Pradesh,Fatehpur,2.978734467734127,559.1975355131244
1993,Uttar Pradesh,Lucknow,2.7640372600014507,3463.1004303392187
1993,Uttar Pradesh,Kanpur Urban,2.7873039082054967,3021.6256126462017
1993,Uttar Pradesh,Barabanki,2.8282442186971672,752.2675817103873
1993,Uttar Pradesh,Firozabad,2.8458524310236366,959.7310909419116
1993,Uttar Pradesh,Muzaffarnagar,2.845236344383328,2647.0126911634725
1993,Uttar Pradesh,Jalaun,2.871402592154259,1314.1960346431995
1993,Uttar Pradesh,Rae Bareli,2.8801903628792385,627.8672854385272
1993,Uttar Pradesh,Mahoba,3.1005988023952096,328.96366303413475
1993,Uttar Pradesh,Bagpat,2.8257805764833765,748.4017236551756
1993,Uttar Pradesh,Lalitpur,3.140954934641518,347.5269217497295
1993,Uttar Pradesh,Bareilly,2.909441615874377,1447.0442390045193
1993,Uttarakhand,Pauri Garhwal,2.8226516451540697,364.0091834757322
1993,Uttarakhand,Dehradun,2.8284451327719164,1116.293923595903
1993,Uttarakhand,Chamoli,2.8037974683544302,285.38109140924706
1993,Uttarakhand,Nainital,2.7742639040348958,1434.321986038892
1993,Uttarakhand,Bageshwar,2.749766573295985,208.94111544981465
1993,Uttarakhand,Uttarkashi,2.950097213220998,271.62466043021584
1993,Uttarakhand,Udham Singh Nagar,2.9183673469387754,1221.4062686453246
1994,Andhra Pradesh,Prakasam,2.9383582119297684,1590.1854839871885
1994,Andhra Pradesh,Anantapur,2.50511230067692,1391.0214891122657
1994,Andhra Pradesh,Kurnool,2.254419390883305,1547.9264846892013
1994,Andhra Pradesh,Vizianagaram,2.958355371210645,609.8522771554598
1994,Andhra Pradesh,Krishna,2.71358528157395,3997.862037703887
1994,Andhra Pradesh,Chittoor,2.016851787573759,2602.4369319745942
1994,Andhra Pradesh,Guntur,2.7834321147524648,6095.787770845701
1994,Andhra Pradesh,Kadapa,2.823966791351154,1593.4173365651618
1994,Andhra Pradesh,Srikakulam,2.974556767814524,799.8654571360997
1994,Andhra Pradesh,Visakhapatnam,2.8134363502575424,6145.695995667607
1994,Andhra Pradesh,West Godavari,2.7900057420895163,7286.474833580462
1994,Andhra Pradesh,Nellore,2.824566124041437,1816.7198437768743
1994,Andhra Pradesh,East Godavari,2.8269556763224815,5849.243059671264
1994,Haryana,Panipat,2.7927431059506533,3091.11628037136
1994,Haryana,Jind,2.8664850136239783,1371.4143096895832
1994,Haryana,Fatehabad,3.0647112981717743,1878.7956919543133
1994,Haryana,Kaithal,2.958923046540716,1838.2185811138424
1994,Haryana,Hisar,2.838399020262748,2458.494317593113
1994,Haryana,Sirsa,3.1431891918066923,925.8914425550747
1994,Haryana,Gurgaon,2.808197518851861,9092.247511348318
1994,Haryana,Kurukshetra,3.0193193639470945,3511.8074518888593
1994,Haryana,Panchkula,2.9741318214032595,1981.0597969320183
1994,Haryana,Faridabad,2.85178651854076,6985.021631948932
1994,Haryana,Jhajjar,2.799738540730452,1596.551189627426
1994,Haryana,Karnal,2.88175659443617,3604.846909663993
1994,Haryana,Yamunanagar,2.981450252951096,1365.9686263794654
1994,Haryana,Sonipat,2.779773824949935,2919.2161510571623
1994,Haryana,Mahendragarh,2.839093357271095,1459.835514649145
1994,Haryana,Rohtak,2.7967208137240016,2190.4339069176754
1994,Haryana,Bhiwani,2.8376960963152134,1727.0627788049192
1994,Haryana,Ambala,3.0526933229054647,2411.6280652101964
1994,Haryana,Rewari,2.8159889731219847,2732.8089375572767
1994,Himachal Pradesh,Bilaspur,2.770387149917628,916.044651383533
1994,Himachal Pradesh,Kinnaur,2.7341772151898733,504.877519952432
1994,Himachal Pradesh,Kangra,2.8055603423516566,720.3189974750591
1994,Himachal Pradesh,Solan,2.8685177623519804,1129.9355531503174
1994,Himachal Pradesh,Kullu,2.64005558987029,892.1389835406347
1994,Himachal Pradesh,Shimla,2.7607613834287137,861.6461175391196
1994,Himachal Pradesh,Hamirpur,2.935119089688317,2248.005642147436
1994,Himachal Pradesh,Mandi,2.6688953198283603,1447.5418808488732
1994,Himachal Pradesh,Sirmaur,2.8255813953488373,1344.9076598344834
1994,Himachal Pradesh,Chamba,2.681188735024117,630.0505120275575
1994,Himachal Pradesh,Una,2.8833655705996133,770.5178868929703
1994,Madhya Pradesh,Datia,2.9926129007691715,523.0743036646135
1994,Madhya Pradesh,Narsinghpur,3.0015584767583685,1697.2772038571757
1994,Madhya Pradesh,Damoh,2.9938750119628668,764.7049953253786
1994,Madhya Pradesh,Mandsaur,3.17982702459845,1549.3718212361318
1994,Madhya Pradesh,Dindori,3.093972231628852,218.24111413795842
1994,Madhya Pradesh,Shahdol,2.998223708270205,1206.1994057266265
1994,Madhya Pradesh,Khandwa,2.9485857664233577,1519.8361618329734
1994,Madhya Pradesh,Harda,2.956989247311828,660.6672789198972
1994,Madhya Pradesh,Ratlam,2.9423525025631467,1131.5555493190468
1994,Madhya Pradesh,Sidhi,2.9984071124282274,2016.535237995626
1994,Madhya Pradesh,Morena,3.000101382177013,1181.4923520819855
1994,Madhya Pradesh,Tikamgarh,3.1579703379179085,666.5891586949166
1994,Madhya Pradesh,Chhindwara,3.10877203087202,1633.0766737253982
1994,Madhya Pradesh,Indore,2.822999499527332,6361.311442218975
1994,Madhya Pradesh,Satna,2.920808471010244,1228.4225478809865
1994,Madhya Pradesh,Bhopal,2.8303289057558514,1596.3028684278408
1994,Madhya Pradesh,Katni,2.834378134403209,1317.122144794871
1994,Madhya Pradesh,Panna,2.9804137323943665,524.0000932863733
1994,Madhya Pradesh,Bhind,2.991003129346314,1018.9391550222667
1994,Madhya Pradesh,Mandla,2.9730882629697013,283.5939579406572
1994,Madhya Pradesh,Sheopur,3.0448128574531235,434.4002486163449
1994,Madhya Pradesh,Khargone,2.973515248796148,622.284310572481
1994,Madhya Pradesh,Ujjain,2.9715894763385733,1827.8640291364773
1994,Madhya Pradesh,Balaghat,3.156758234249009,616.6399073440507
1994,Madhya Pradesh,Betul,2.983039515816884,842.7814725049077
1994,Madhya Pradesh,Sagar,2.989033484427548,1146.4750557919149
1994,Madhya Pradesh,Sehore,2.8779472365011256,1246.4444767059615
1994,Madhya Pradesh,Raisen,3.0108921850785917,1228.0806649800618
1994,Madhya Pradesh,Guna,2.8857218263394038,1248.0373675512676
1994,Madhya Pradesh,Chhatarpur,3.199441867207886,649.6772608188321
1994,Madhya Pradesh,Barwani,2.9523611572996336,664.0020252303839
1994,Madhya Pradesh,Shajapur,2.9937856033143455,1307.4317562668905
1994,Madhya Pradesh,Seoni,3.1772864930345244,1099.3494963943058
1994,Madhya Pradesh,Shivpuri,3.0296941729484934,1147.2355654928822
1994,Madhya Pradesh,Jabalpur,2.8301660409490266,2121.0113156345465
1994,Madhya Pradesh,Neemuch,3.2300894266175697,1218.8158576819847
1994,Madhya Pradesh,Jhabua,2.731792224047563,469.23137334597953
1994,Madhya Pradesh,Dhar,2.9700408278192314,1210.1459105497886
1994,Madhya Pradesh,Rajgarh,3.116767983789261,799.3090458959413
1994,Madhya Pradesh,Vidisha,3.00052221593629,1154.584860762854
1994,Madhya Pradesh,Gwalior,2.877195799479752,1452.7655705971836
1994,Madhya Pradesh,Umaria,2.9814678146781466,364.0936280025928
1994,Madhya Pradesh,Hoshangabad,2.93072489470184,620.1584568404592
1994,Madhya Pradesh,Rewa,2.9884231852027257,1191.36067090477
1994,Madhya Pradesh,Dewas,2.8933868974042025,1123.957106664117
1994,Manipur,Tamenglong,2.9177142857142857,205.50300774915505
1994,Manipur,Senapati,2.045587244554233,554.9016397719531
1994,Manipur,Chandel,1.9123767798466595,298.25757215262723
1994,Manipur,Imphal West,2.496338215712384,998.2067416261723
1994,Manipur,Bishnupur,2.463905861054537,989.8654252877492
1994,Manipur,Churachandpur,2.569995731967563,470.6768928797711
1994,Manipur,Imphal East,2.4184126984126983,1064.6902533711216
1994,Manipur,Ukhrul,1.8771773112996881,364.8664589074724
1994,Manipur,Thoubal,2.2812612396595133,704.6292858828068
1994,Meghalaya,East Garo Hills,2.393773664282709,263.07693069029455
1994,Meghalaya,West Garo Hills,2.4398454058097494,441.6292872895015
1994,Meghalaya,South Garo Hills,2.3911817482696742,429.0737948680677
1994,Meghalaya,East Jaintia Hills,2.367448002641136,692.5336775427072
1994,Meghalaya,West Khasi Hills,2.872014983611675,383.76065385677276
1994,Meghalaya,Ri Bhoi,2.6282393292682933,578.8874917172802
1994,Meghalaya,East Khasi Hills,2.763375731879669,1167.3684411604802
1994,Mizoram,Mamit,3.3171318575553417,218.98922727235703
1994,Mizoram,Lawngtlai,2.7475069804547267,189.65799195939937
1994,Mizoram,Lunglei,2.8252310164724785,347.4169281092143
1994,Mizoram,Aizawl,3.031489087541274,546.7173465455031
1994,Mizoram,Saiha,1.9936260623229465,288.71726723798736
1994,Mizoram,Serchhip,3.352416705771938,356.1747439671985
1994,Mizoram,Kolasib,3.2381951731374605,273.97486547916117
1994,Mizoram,Champhai,3.7539484621778887,248.0547077541427
1994,Uttar Pradesh,Shahjahanpur,3.0456152666198686,1192.9417639298108
1994,Uttar Pradesh,Moradabad,2.8277336928891934,1756.7525234914158
1994,Uttar Pradesh,Chitrakoot,3.0664038500921564,226.68708605836247
1994,Uttar Pradesh,Pilibhit,2.923024811584385,1313.8374507593774
1994,Uttar Pradesh,Etah,2.8301209177346007,1280.5987001071726
1994,Uttar Pradesh,Auraiyya,2.7871599963366607,1160.9352947976856
1994,Uttar Pradesh,Kanpur Rural,2.82838328181696,791.0998399186324
1994,Uttar Pradesh,Unnao,2.8506477998686486,800.2912094149701
1994,Uttar Pradesh,Sultanpur,2.8595139300533488,815.3895757596692
1994,Uttar Pradesh,Faizabad,3.021428571428572,770.0827556337999
1994,Uttar Pradesh,Mau,2.8135593220338984,1006.3134798282769
1994,Uttar Pradesh,Jhansi,2.9344974421994228,1246.5567292786016
1994,Uttar Pradesh,Hardoi,2.8928273787955647,828.5178159690296
1994,Uttar Pradesh,Kannauj,2.8882843324424083,776.1906634589461
1994,Uttar Pradesh,Aligarh,2.8699428571428567,1815.9020119580591
1994,Uttar Pradesh,Ghaziabad,2.8145261493279112,5064.92945426417
1994,Uttar Pradesh,Kaushambi,2.8924468604675853,340.14188912856287
1994,Uttar Pradesh,Mathura,2.883208098722803,949.9468722185093
1994,Uttar Pradesh,Farrukhabad,2.9223230263431685,1289.0133708654505
1994,Uttar Pradesh,Hamirpur,2.935119089688317,2248.005642147436
1994,Uttar Pradesh,Sitapur,2.935532959811856,717.4939600778331
1994,Uttar Pradesh,Bulandshahr,2.8686093268577992,1485.9042436804102
1994,Uttar Pradesh,Pratapgarh,2.8162798511320175,1323.2069519302113
1994,Uttar Pradesh,Meerut,2.811302335102112,3647.207422824968
1994,Uttar Pradesh,Agra,2.8330267039702166,2473.008348324085
1994,Uttar Pradesh,Mainpuri,2.8518809711004693,977.1759166462243
1994,Uttar Pradesh,Rampur,2.9703504043126685,1114.2091775857784
1994,Uttar Pradesh,Gautam Buddh Nagar,2.833680514224497,1755.8179369540546
1994,Uttar Pradesh,Allahabad,2.789375068134744,2830.8875788871296
1994,Uttar Pradesh,Saharanpur,2.9018607810603445,1466.4955821946853
1994,Uttar Pradesh,Bijnor,2.826323054749193,1968.6753547164035
1994,Uttar Pradesh,Kheri,2.9354045888789093,1540.9596758380146
1994,Uttar Pradesh,Fatehpur,2.9387001591200512,673.7765546802133
1994,Uttar Pradesh,Lucknow,2.754717849581146,3801.6524296631305
1994,Uttar Pradesh,Kanpur Urban,2.7770819157652094,3028.543463838045
1994,Uttar Pradesh,Barabanki,2.791676036881164,758.5446254970799
1994,Uttar Pradesh,Firozabad,2.8208088890731564,954.9997399005756
1994,Uttar Pradesh,Muzaffarnagar,2.8221645166694587,3162.248226102763
1994,Uttar Pradesh,Jalaun,2.8572178649952416,1452.6466412905302
1994,Uttar Pradesh,Rae Bareli,2.845941191254084,665.5281899513009
1994,Uttar Pradesh,Mahoba,3.055307086614173,354.6007244431462
1994,Uttar Pradesh,Bagpat,2.8156789924107866,755.619156891617
1994,Uttar Pradesh,Lalitpur,3.087822622553265,384.0592361650485
1994,Uttar Pradesh,Bareilly,2.8968166631968195,1508.7284644992435
1994,Uttarakhand,Pauri Garhwal,2.8027794653705955,439.2171259531533
1994,Uttarakhand,Dehradun,2.834998673622778,1235.8972704045498
1994,Uttarakhand,Chamoli,2.760869565217391,281.48213831543
1994,Uttarakhand,Nainital,2.781454302868579,1591.6051271486062
1994,Uttarakhand,Bageshwar,2.732196358607974,210.98743668214297
1994,Uttarakhand,Uttarkashi,2.95170861469204,281.2471854083645
1994,Uttarakhand,Udham Singh Nagar,2.9356589147286822,1274.0003967649436
1995,Andhra Pradesh,Prakasam,2.9279510066845456,1861.5647330319046
1995,Andhra Pradesh,Anantapur,2.6012526748199867,1505.5116676009256
1995,Andhra Pradesh,Kurnool,2.342905838524306,1843.1591379325207
1995,Andhra Pradesh,Vizianagaram,2.9365586215206654,613.1850648456749
1995,Andhra Pradesh,Krishna,2.6744233937397035,4555.119309109357
1995,Andhra Pradesh,Chittoor,2.131997664404058,2803.1538043261853
1995,Andhra Pradesh,Guntur,2.7552848644888344,6622.202074444678
1995,Andhra Pradesh,Kadapa,2.801150451254588,1732.4763904330246
1995,Andhra Pradesh,Srikakulam,2.9700836820083683,842.0070980594533
1995,Andhra Pradesh,Visakhapatnam,2.7878822784081088,6575.403179720611
1995,Andhra Pradesh,West Godavari,2.717972443263068,8574.575988425782
1995,Andhra Pradesh,Nellore,2.8139946855624447,2134.184330202724
1995,Andhra Pradesh,East Godavari,2.7798585459439344,6819.831282960803
1995,Haryana,Panipat,2.801537475976938,3254.8804274890963
1995,Haryana,Jind,2.862980470207737,1505.7229721917306
1995,Haryana,Fatehabad,3.063418353202107,2018.9611392202291
1995,Haryana,Kaithal,2.9700215672178287,1811.6319109688166
1995,Haryana,Hisar,2.850420673076924,2835.9709369591783
1995,Haryana,Sirsa,3.1607462843891643,919.7934412560884
1995,Haryana,Gurgaon,2.8311713455953536,9032.270108628092
1995,Haryana,Kurukshetra,3.023069129452108,3217.938322519752
1995,Haryana,Panchkula,2.9808990931892727,2116.605398116291
1995,Haryana,Faridabad,2.8635873621361636,7341.227465673476
1995,Haryana,Jhajjar,2.8234125269978403,1678.1371601743203
1995,Haryana,Karnal,2.8826391487996577,3570.942133527114
1995,Haryana,Yamunanagar,3.0168235294117647,1361.478924500491
1995,Haryana,Sonipat,2.7919683187921542,3035.955270279307
1995,Haryana,Mahendragarh,2.8692015798032986,1626.4759283287713
1995,Haryana,Rohtak,2.806003473083602,2337.1103295045605
1995,Haryana,Bhiwani,2.8388724883344443,1884.927400181861
1995,Haryana,Ambala,3.0607558778290485,2434.192475761388
1995,Haryana,Rewari,2.821121644369629,2815.349653285103
1995,Himachal Pradesh,Bilaspur,2.753593429158111,995.1108388884368
1995,Himachal Pradesh,Kinnaur,2.8228915662650604,543.3917272322826
1995,Himachal Pradesh,Kangra,2.80452321961756,780.4507304973462
1995,Himachal Pradesh,Solan,2.871441482150926,1348.1817311432974
1995,Himachal Pradesh,Kullu,2.6506837458888697,956.4338050044611
1995,Himachal Pradesh,Shimla,2.7733928322409707,902.3280203054137
1995,Himachal Pradesh,Hamirpur,2.9194776931447226,2514.8949948315194
1995,Himachal Pradesh,Mandi,2.6763228220203104,1613.818606246532
1995,Himachal Pradesh,Sirmaur,2.8356344510190663,1481.90743734718
1995,Himachal Pradesh,Chamba,2.6554021121039804,643.7497572438488
1995,Himachal Pradesh,Una,2.887556221889056,809.2883285318496
1995,Madhya Pradesh,Datia,2.9831740586457567,529.782002432802
1995,Madhya Pradesh,Narsinghpur,2.979596100278552,1813.6161620488
1995,Madhya Pradesh,Damoh,2.94955402836672,880.502472368923
1995,Madhya Pradesh,Mandsaur,3.0810201782239064,1540.118275570985
1995,Madhya Pradesh,Dindori,3.093425051991681,222.88049469242247
1995,Madhya Pradesh,Shahdol,3.0079377351682903,1295.5757828690496
1995,Madhya Pradesh,Khandwa,2.9448363594310165,1531.5539517067843
1995,Madhya Pradesh,Harda,2.961832800542478,692.2405405535487
1995,Madhya Pradesh,Ratlam,2.9398968216746635,1199.378320065027
1995,Madhya Pradesh,Sidhi,3.0012374168088023,2153.2385047513
1995,Madhya Pradesh,Morena,2.998152198506675,1289.866924249938
1995,Madhya Pradesh,Tikamgarh,3.1259076114171256,685.8581191346867
1995,Madhya Pradesh,Chhindwara,3.1086250035949496,1657.8028080372878
1995,Madhya Pradesh,Indore,2.8245685777377934,6449.219053934809
1995,Madhya Pradesh,Satna,2.9083729987018607,1242.7995853848
1995,Madhya Pradesh,Bhopal,2.814365613020801,1745.0517767011997
1995,Madhya Pradesh,Katni,2.8617381248126104,1330.2016685877502
1995,Madhya Pradesh,Panna,3.0036926241002138,563.8338964166446
1995,Madhya Pradesh,Bhind,2.9856605547719792,1106.9628143692744
1995,Madhya Pradesh,Mandla,2.9578871768085664,262.1263899575261
1995,Madhya Pradesh,Sheopur,3.0523675516946036,477.48659228311004
1995,Madhya Pradesh,Khargone,2.9470348974298517,737.6725620639412
1995,Madhya Pradesh,Ujjain,2.9596716059271126,1825.1745820522322
1995,Madhya Pradesh,Balaghat,3.1489695574850924,649.5944457116743
1995,Madhya Pradesh,Betul,2.9912685668406263,848.9128017698796
1995,Madhya Pradesh,Sagar,2.9831084003806563,1131.6243678684027
1995,Madhya Pradesh,Sehore,2.860907257199262,1225.2386821183989
1995,Madhya Pradesh,Raisen,3.0232331293783807,1286.0709897724562
1995,Madhya Pradesh,Guna,2.888970208369209,1267.8037575721987
1995,Madhya Pradesh,Chhatarpur,3.1597328058627063,672.7529265206084
1995,Madhya Pradesh,Barwani,2.92503035931138,674.3031477020103
1995,Madhya Pradesh,Shajapur,2.983441408059288,1288.3472078295
1995,Madhya Pradesh,Seoni,3.12141857777237,1160.2172650560726
1995,Madhya Pradesh,Shivpuri,3.021121541501976,1193.869923974186
1995,Madhya Pradesh,Jabalpur,2.8383944299974835,2295.844874645319
1995,Madhya Pradesh,Neemuch,3.2092693977723235,1313.8743291584206
1995,Madhya Pradesh,Jhabua,2.7482285406762936,509.83926719174883
1995,Madhya Pradesh,Dhar,2.9330149197266686,1255.4332101495406
1995,Madhya Pradesh,Rajgarh,3.093289745354439,844.2869359025731
1995,Madhya Pradesh,Vidisha,3.035999403118705,1140.9480609018874
1995,Madhya Pradesh,Gwalior,2.8740149456521737,1438.8291974093854
1995,Madhya Pradesh,Umaria,2.976238861966547,382.80361556251717
1995,Madhya Pradesh,Hoshangabad,2.9335269043059244,674.4419592629934
1995,Madhya Pradesh,Rewa,2.970038614391612,1169.3060112930173
1995,Madhya Pradesh,Dewas,2.8847286794193847,1254.353026471909
1995,Manipur,Tamenglong,2.9422977846470886,244.868774158302
1995,Manipur,Senapati,2.028995592669914,595.5049566937607
1995,Manipur,Chandel,1.8624891209747607,350.4826220381331
1995,Manipur,Imphal West,2.5105053191489364,1080.046069256504
1995,Manipur,Bishnupur,2.4439577428497805,1077.9462294470036
1995,Manipur,Churachandpur,2.5471392170488767,503.9725483312492
1995,Manipur,Imphal East,2.409367482665912,1267.4716672250556
1995,Manipur,Ukhrul,1.9404804589458584,370.8559386711161
1995,Manipur,Thoubal,2.2883591174232816,824.1891008635312
1995,Meghalaya,East Garo Hills,2.39519158527423,267.06513087946064
1995,Meghalaya,West Garo Hills,2.4311096577283617,443.5201007035064
1995,Meghalaya,South Garo Hills,2.382560638624501,451.07812917913765
1995,Meghalaya,East Jaintia Hills,2.408356206160415,799.7887522455047
1995,Meghalaya,West Khasi Hills,2.8962360122075284,447.2873360478284
1995,Meghalaya,Ri Bhoi,2.623697290363957,628.7843765998007
1995,Meghalaya,East Khasi Hills,2.790398320534777,1340.8729027426452
1995,Mizoram,Mamit,3.2777246653919696,233.08117946382683
1995,Mizoram,Lawngtlai,2.7240159221583364,222.17884468099774
1995,Mizoram,Lunglei,3.0884983040394696,379.60079756709183
1995,Mizoram,Aizawl,2.993816631130064,586.2999455454406
1995,Mizoram,Saiha,1.9861717612809315,326.96095752484337
1995,Mizoram,Serchhip,3.4351240967640586,430.00316073504985
1995,Mizoram,Kolasib,3.223863636363636,314.08833579699865
1995,Mizoram,Champhai,3.756682389937107,286.16539785252337
1995,Uttar Pradesh,Shahjahanpur,2.9424459060146786,1267.0092577698742
1995,Uttar Pradesh,Moradabad,2.808720657845845,1938.113105134038
1995,Uttar Pradesh,Chitrakoot,3.07375809027486,233.53085172175514
1995,Uttar Pradesh,Pilibhit,2.9204423940606765,1294.1704207979712
1995,Uttar Pradesh,Etah,2.808527081857409,1352.4899611326089
1995,Uttar Pradesh,Auraiyya,2.794901394901395,1301.7117592495765
1995,Uttar Pradesh,Kanpur Rural,2.777712552587809,850.3039064062058
1995,Uttar Pradesh,Unnao,2.8481776441428632,799.0707024383928
1995,Uttar Pradesh,Sultanpur,2.857427355843216,855.2187542886296
1995,Uttar Pradesh,Faizabad,2.911917098445596,772.7559764823674
1995,Uttar Pradesh,Mau,2.703703703703704,1048.2769507276437
1995,Uttar Pradesh,Jhansi,2.9220448314787943,1375.0487802628934
1995,Uttar Pradesh,Hardoi,2.8848991087001745,859.2450374325902
1995,Uttar Pradesh,Kannauj,2.838054834864314,857.8874634724542
1995,Uttar Pradesh,Aligarh,2.8476945101985853,2000.1592743797705
1995,Uttar Pradesh,Ghaziabad,2.820798555288832,4984.877397416326
1995,Uttar Pradesh,Kaushambi,2.8243876010990285,338.9184491061808
1995,Uttar Pradesh,Mathura,2.846902894238572,995.4833298939673
1995,Uttar Pradesh,Farrukhabad,2.8685848538475622,1345.434689958306
1995,Uttar Pradesh,Hamirpur,2.9194776931447226,2514.8949948315194
1995,Uttar Pradesh,Sitapur,2.925325440687289,742.6586833289797
1995,Uttar Pradesh,Bulandshahr,2.8428852260698623,1597.4888102370646
1995,Uttar Pradesh,Pratapgarh,2.8154258686827305,1445.0351014870585
1995,Uttar Pradesh,Meerut,2.8050849061961647,3610.348759211128
1995,Uttar Pradesh,Agra,2.8351805316757037,2515.412709306281
1995,Uttar Pradesh,Mainpuri,2.8260974627466773,1065.5223667088526
1995,Uttar Pradesh,Rampur,2.9455616087165515,1113.6216316492328
1995,Uttar Pradesh,Gautam Buddh Nagar,2.8281446371503467,2069.0644268859883
1995,Uttar Pradesh,Allahabad,2.803666082402382,3389.5787278508224
1995,Uttar Pradesh,Saharanpur,2.850467289719626,1645.2403167934253
1995,Uttar Pradesh,Bijnor,2.8043841604525586,1945.1980976758216
1995,Uttar Pradesh,Kheri,2.893252799951437,1605.0696942932211
1995,Uttar Pradesh,Fatehpur,2.893562662530225,725.5296993360494
1995,Uttar Pradesh,Lucknow,2.740748355263158,3739.584923430213
1995,Uttar Pradesh,Kanpur Urban,2.759340333783205,3200.2535300736645
1995,Uttar Pradesh,Barabanki,2.7548310183259863,783.2524567995024
1995,Uttar Pradesh,Firozabad,2.8025319416425463,989.169902936978
1995,Uttar Pradesh,Muzaffarnagar,2.7717881000466056,3352.613154648012
1995,Uttar Pradesh,Jalaun,2.875513511476275,1426.297044644246
1995,Uttar Pradesh,Rae Bareli,2.849869559247563,665.9829064475924
1995,Uttar Pradesh,Mahoba,3.0018699744436828,369.5708630612242
1995,Uttar Pradesh,Bagpat,2.8349696998167886,785.6671910012343
1995,Uttar Pradesh,Lalitpur,3.0813984053272585,400.792049193338
1995,Uttar Pradesh,Bareilly,2.863762301622484,1584.16750317972
1995,Uttarakhand,Pauri Garhwal,2.749036237471087,437.86719989263634
1995,Uttarakhand,Dehradun,2.837029670147522,1311.4793849996993
1995,Uttarakhand,Chamoli,2.7411167512690358,283.05252184567445
1995,Uttarakhand,Nainital,2.7928765555714494,1743.6155755012444
1995,Uttarakhand,Bageshwar,2.737794713026912,247.99524262599635
1995,Uttarakhand,Uttarkashi,2.9533118238754983,277.68299878080694
1995,Uttarakhand,Udham Singh Nagar,2.9008142116950406,1296.7278625679808
1996,Andhra Pradesh,Prakasam,2.8665283092288734,2138.2250185416847
1996,Andhra Pradesh,Anantapur,2.6048446586951672,1770.0629732074378
1996,Andhra Pradesh,Kurnool,2.4067556704994235,2167.008691803554
1996,Andhra Pradesh,Vizianagaram,2.906102949100183,653.2523906942151
1996,Andhra Pradesh,Krishna,2.6214543579164515,5401.708508134236
1996,Andhra Pradesh,Chittoor,2.235637325450232,3282.80526568648
1996,Andhra Pradesh,Guntur,2.7016232137366285,7743.344642391764
1996,Andhra Pradesh,Kadapa,2.7581151567326683,1910.7809732757
1996,Andhra Pradesh,Srikakulam,2.9660642470582395,918.0065982386203
1996,Andhra Pradesh,Visakhapatnam,2.756862567265252,6836.420297005628
1996,Andhra Pradesh,West Godavari,2.6503851886436687,9561.409165750063
1996,Andhra Pradesh,Nellore,2.7743719679881345,2267.357283882168
1996,Andhra Pradesh,East Godavari,2.712411136008253,7892.338311633975
1996,Haryana,Panipat,2.8105255277736187,3614.3425684188833
1996,Haryana,Jind,2.883979103178058,1483.7040607344213
1996,Haryana,Fatehabad,3.062031356509884,2124.544971177693
1996,Haryana,Kaithal,2.997962842242503,1898.0380503021374
1996,Haryana,Hisar,2.8432948612256115,3122.246747842016
1996,Haryana,Sirsa,3.149533972713765,907.8719600747104
1996,Haryana,Gurgaon,2.8402658326817827,9395.971031076702
1996,Haryana,Kurukshetra,3.047037422037422,3475.825228179929
1996,Haryana,Panchkula,2.988829528897522,2241.6408053265095
1996,Haryana,Faridabad,2.86943917351887,7652.177373017386
1996,Haryana,Jhajjar,2.8363566190659983,1656.564986543061
1996,Haryana,Karnal,2.8979450152735358,3709.0254763409603
1996,Haryana,Yamunanagar,2.9966284558327723,1383.529496792183
1996,Haryana,Sonipat,2.8076459055949328,2986.5390732847245
1996,Haryana,Mahendragarh,2.8474966662625767,1672.408203511919
1996,Haryana,Rohtak,2.799638826185101,2549.51639105901
1996,Haryana,Bhiwani,2.844618561067288,2113.2348805217025
1996,Haryana,Ambala,3.088538977800724,2619.190661575785
1996,Haryana,Rewari,2.8273728977382566,3067.6541629058333
1996,Himachal Pradesh,Bilaspur,2.7531696789857025,1099.3764969992772
1996,Himachal Pradesh,Kinnaur,2.7863247863247858,551.9144653798427
1996,Himachal Pradesh,Kangra,2.7863715871929418,890.5384734209715
1996,Himachal Pradesh,Solan,2.8713047910295617,1525.832806885327
1996,Himachal Pradesh,Kullu,2.682631160572337,1052.9247589424378
1996,Himachal Pradesh,Shimla,2.7804634105684283,1007.2256124634886
1996,Himachal Pradesh,Hamirpur,2.899823143001516,2955.6806691319202
1996,Himachal Pradesh,Mandi,2.683153401958323,1662.1074811768383
1996,Himachal Pradesh,Sirmaur,2.8483527131782944,1522.8876353102387
1996,Himachal Pradesh,Chamba,2.672208577366333,701.0866752079181
1996,Himachal Pradesh,Una,2.8742095754290875,860.3820149677617
1996,Madhya Pradesh,Datia,2.9263557241687117,549.8399185858799
1996,Madhya Pradesh,Narsinghpur,2.9900065377790237,1942.2186459040945
1996,Madhya Pradesh,Damoh,2.9158725683676345,975.4574536514953
1996,Madhya Pradesh,Mandsaur,3.077568,1573.2052800587494
1996,Madhya Pradesh,Dindori,3.1209640745793528,235.45092314441945
1996,Madhya Pradesh,Shahdol,2.9814316006647945,1348.844126808311
1996,Madhya Pradesh,Khandwa,2.9149124261008894,1609.736890372489
1996,Madhya Pradesh,Harda,2.950991312096235,787.9455979840933
1996,Madhya Pradesh,Ratlam,2.957546433588264,1291.4005159511535
1996,Madhya Pradesh,Sidhi,2.9329762002126443,2131.699759100125
1996,Madhya Pradesh,Morena,2.94535494386092,1437.582251544651
1996,Madhya Pradesh,Tikamgarh,3.062899124046341,685.4603756381781
1996,Madhya Pradesh,Chhindwara,3.083918444504456,1740.4427224222195
1996,Madhya Pradesh,Indore,2.8257735711685474,6709.044691896698
1996,Madhya Pradesh,Satna,2.91618400268058,1261.4184072807952
1996,Madhya Pradesh,Bhopal,2.826387341207933,2025.182353003266
1996,Madhya Pradesh,Katni,2.8984401574420526,1417.5431204348342
1996,Madhya Pradesh,Panna,2.9088229514639417,594.1025398845472
1996,Madhya Pradesh,Bhind,2.92694200984512,1172.1758993529506
1996,Madhya Pradesh,Mandla,2.9418524477131696,264.98268372500456
1996,Madhya Pradesh,Sheopur,2.9460205320675565,521.4083027713848
1996,Madhya Pradesh,Khargone,2.9070078289096815,752.0459040260617
1996,Madhya Pradesh,Ujjain,2.9259594133011846,2022.3105857071635
1996,Madhya Pradesh,Balaghat,3.0913617742619013,722.9558692865184
1996,Madhya Pradesh,Betul,2.9729174079784917,905.4175990667952
1996,Madhya Pradesh,Sagar,2.9343640957766817,1114.9300284045264
1996,Madhya Pradesh,Sehore,2.8652827487473167,1247.9011435138316
1996,Madhya Pradesh,Raisen,2.9909549486867277,1331.3783106730834
1996,Madhya Pradesh,Guna,2.8722093086112763,1389.7807579090802
1996,Madhya Pradesh,Chhatarpur,3.076038230567538,675.2933303420008
1996,Madhya Pradesh,Barwani,2.918008031025844,744.2875789293895
1996,Madhya Pradesh,Shajapur,2.9629815535198896,1434.0715028545187
1996,Madhya Pradesh,Seoni,3.082860909690178,1244.7313293499071
1996,Madhya Pradesh,Shivpuri,3.0142511081331818,1265.9842592491527
1996,Madhya Pradesh,Jabalpur,2.8292378175760096,2263.647867512264
1996,Madhya Pradesh,Neemuch,3.0882153051515564,1373.807835508806
1996,Madhya Pradesh,Jhabua,2.7421921991394065,523.0043645225966
1996,Madhya Pradesh,Dhar,2.9110323218997363,1384.4359215538345
1996,Madhya Pradesh,Rajgarh,3.0258957909560316,829.8234140309297
1996,Madhya Pradesh,Vidisha,2.892005264023688,1151.0519701373958
1996,Madhya Pradesh,Gwalior,2.87061849255403,1526.9657990689013
1996,Madhya Pradesh,Umaria,2.9413087474702047,389.90111454389495
1996,Madhya Pradesh,Hoshangabad,2.9149554034432685,686.7110509836194
1996,Madhya Pradesh,Rewa,2.98303718383662,1252.2676965673268
1996,Madhya Pradesh,Dewas,2.8760881644749032,1324.5942712618132
1996,Manipur,Tamenglong,2.9115384615384614,259.46429292545946
1996,Manipur,Senapati,1.99529476889012,680.0719994213463
1996,Manipur,Chandel,1.7927400468384076,390.5997280452772
1996,Manipur,Imphal West,2.5282125955587915,1218.0776995716376
1996,Manipur,Bishnupur,2.4426007450050795,1266.7307078878216
1996,Manipur,Churachandpur,2.5615828092243187,597.9279947442689
1996,Manipur,Imphal East,2.415250041260934,1437.3782680147415
1996,Manipur,Ukhrul,1.9717348927875245,443.2870872901901
1996,Manipur,Thoubal,2.224570673712021,973.7659283670514
1996,Meghalaya,East Garo Hills,2.376003210272873,278.06257752032604
1996,Meghalaya,West Garo Hills,2.4352941176470586,457.8237539887912
1996,Meghalaya,South Garo Hills,2.390606653620352,500.0646432191578
1996,Meghalaya,East Jaintia Hills,2.4709730171708912,849.3245963319772
1996,Meghalaya,West Khasi Hills,2.924192712830254,493.46015048370026
1996,Meghalaya,Ri Bhoi,2.671786894808477,654.4800195067015
1996,Meghalaya,East Khasi Hills,2.808117826026829,1561.45185039822
1996,Mizoram,Mamit,3.3900848010437055,278.1749039188147
1996,Mizoram,Lawngtlai,2.7174383383816534,253.5233858015171
1996,Mizoram,Lunglei,2.6627984084880643,449.32304747582316
1996,Mizoram,Aizawl,3.068556551923633,672.0137335422266
1996,Mizoram,Saiha,2.0193452380952377,378.91240237215777
1996,Mizoram,Serchhip,3.0986221899927484,520.1917402549446
1996,Mizoram,Kolasib,3.2466124661246614,341.7300534356048
1996,Mizoram,Champhai,3.7266088544043816,319.79009642200486
1996,Uttar Pradesh,Shahjahanpur,2.9535701072881984,1264.4650760616698
1996,Uttar Pradesh,Moradabad,2.78618511997439,2143.9041988014906
1996,Uttar Pradesh,Chitrakoot,2.9329816768461967,235.4020962811377
1996,Uttar Pradesh,Pilibhit,2.9267260579064587,1402.4446847284878
1996,Uttar Pradesh,Etah,2.7576938667331863,1380.3315462870994
1996,Uttar Pradesh,Auraiyya,2.797401839147569,1302.4995842617716
1996,Uttar Pradesh,Kanpur Rural,2.7880885453267745,969.4494010967128
1996,Uttar Pradesh,Unnao,2.8437954570885084,849.9645318500577
1996,Uttar Pradesh,Sultanpur,2.8528733511668665,845.0245336068333
1996,Uttar Pradesh,Faizabad,2.945732052006784,775.5046836787842
1996,Uttar Pradesh,Mau,2.9655172413793105,1150.260679507139
1996,Uttar Pradesh,Jhansi,2.9281855840927924,1436.045242685421
1996,Uttar Pradesh,Hardoi,2.8747531776097355,952.1866837540114
1996,Uttar Pradesh,Kannauj,2.8433347469607013,874.4708766018871
1996,Uttar Pradesh,Aligarh,2.8070848954855943,2085.711801706959
1996,Uttar Pradesh,Ghaziabad,2.82234050759855,4991.738178801258
1996,Uttar Pradesh,Kaushambi,2.814468674281758,348.67063846451583
1996,Uttar Pradesh,Mathura,2.8507661038148844,1026.2140196284788
1996,Uttar Pradesh,Farrukhabad,2.8612494950854988,1359.7984970359328
1996,Uttar Pradesh,Hamirpur,2.899823143001516,2955.6806691319202
1996,Uttar Pradesh,Sitapur,2.9268808332903617,825.6040600197406
1996,Uttar Pradesh,Bulandshahr,2.8193913418845584,1586.9168802321274
1996,Uttar Pradesh,Pratapgarh,2.820792918353894,1417.7133382058971
1996,Uttar Pradesh,Meerut,2.8070379864833366,3770.625462915412
1996,Uttar Pradesh,Agra,2.8271366354381096,2562.014606699258
1996,Uttar Pradesh,Mainpuri,2.8772708804921936,1080.4250811262634
1996,Uttar Pradesh,Rampur,2.9500500393166065,1222.3799254656278
1996,Uttar Pradesh,Gautam Buddh Nagar,2.838106489591397,2182.081363972832
1996,Uttar Pradesh,Allahabad,2.797618816211488,3381.1111560851473
1996,Uttar Pradesh,Saharanpur,2.8484472674252963,1832.583851679955
1996,Uttar Pradesh,Bijnor,2.7993482544333856,1950.9516640466345
1996,Uttar Pradesh,Kheri,2.903548431291958,1603.4411248361819
1996,Uttar Pradesh,Fatehpur,2.878698903518833,835.6135096761627
1996,Uttar Pradesh,Lucknow,2.7593655190608097,3941.2304226348165
1996,Uttar Pradesh,Kanpur Urban,2.7646221741871564,3404.5170527139007
1996,Uttar Pradesh,Barabanki,2.7651110766572904,821.5406637321408
1996,Uttar Pradesh,Firozabad,2.804771476011536,1061.4642920338952
1996,Uttar Pradesh,Muzaffarnagar,2.7567554754906607,3571.398775947714
1996,Uttar Pradesh,Jalaun,2.883335218063252,1445.3393368554905
1996,Uttar Pradesh,Rae Bareli,2.8761420027993383,697.2098008298259
1996,Uttar Pradesh,Mahoba,3.0241945438834716,404.79368560770683
1996,Uttar Pradesh,Bagpat,2.8275449101796406,818.1400123021358
1996,Uttar Pradesh,Lalitpur,3.112620352060168,393.8191902239871
1996,Uttar Pradesh,Bareilly,2.8488847297409348,1662.9604206885178
1996,Uttarakhand,Pauri Garhwal,2.761442557108192,446.1268246482816
1996,Uttarakhand,Dehradun,2.8417875258984067,1406.7530066677502
1996,Uttarakhand,Chamoli,2.743534482758621,308.2502078509527
1996,Uttarakhand,Nainital,2.7746693021134257,1889.8719269061842
1996,Uttarakhand,Bageshwar,2.742654943169633,249.6049401548132
1996,Uttarakhand,Uttarkashi,2.9543847837064465,301.9296068299547
1996,Uttarakhand,Udham Singh Nagar,2.9005524861878453,1432.882304966367
1997,Andhra Pradesh,Prakasam,2.8134063190242964,2282.006725263357
1997,Andhra Pradesh,Anantapur,2.5397214823122574,2103.8213649273002
1997,Andhra Pradesh,Kurnool,2.4405515309832224,2310.6063115617585
1997,Andhra Pradesh,Vizianagaram,2.8651137297889835,726.3413496891977
1997,Andhra Pradesh,Krishna,2.5844475551479458,5422.681050942963
1997,Andhra Pradesh,Chittoor,2.205319123629184,3411.4882493058412
1997,Andhra Pradesh,Guntur,2.641083132114522,8516.701851175885
1997,Andhra Pradesh,Kadapa,2.726152249359411,2243.2073672549336
1997,Andhra Pradesh,Srikakulam,2.947100424328147,1018.5805210784357
1997,Andhra Pradesh,Visakhapatnam,2.717290668399253,7929.296800831546
1997,Andhra Pradesh,West Godavari,2.5862180374780763,9778.204487867964
1997,Andhra Pradesh,Nellore,2.7330502409466098,2703.5169870383675
1997,Andhra Pradesh,East Godavari,2.639818361121941,9346.869445224998
1997,Haryana,Panipat,2.8115455277736188,3929.202899430458
1997,Haryana,Jind,2.894244103178058,1597.7454132486969
1997,Haryana,Fatehabad,3.084497356509884,2222.636020260501
1997,Haryana,Kaithal,2.991207842242503,1979.200956683331
1997,Haryana,Hisar,2.872745861225612,3117.240803341907
1997,Haryana,Sirsa,3.151569972713765,978.5074710036206
1997,Haryana,Gurgaon,2.8418628326817825,9888.978306015944
1997,Haryana,Kurukshetra,3.0313164220374222,3800.1277011986663
1997,Haryana,Panchkula,2.971606528897522,2382.8117511058226
1997,Haryana,Faridabad,2.89682617351887,8778.915257872395
1997,Haryana,Jhajjar,2.8187556190659984,1860.0123367273661
1997,Haryana,Karnal,2.9343800152735358,3986.270822928714
1997,Haryana,Yamunanagar,2.9905204558327725,1505.2534467038572
1997,Haryana,Sonipat,2.8034649055949328,3017.736120880627
1997,Haryana,Mahendragarh,2.8305476662625764,1814.11397875233
1997,Haryana,Rohtak,2.773533826185101,2640.1736913742843
1997,Haryana,Bhiwani,2.866096561067288,2402.5304091581866
1997,Haryana,Ambala,3.040631977800724,2823.8354995892737
1997,Haryana,Rewari,2.852439897738257,3145.611313468425
1997,Himachal Pradesh,Bilaspur,2.773333333333333,1259.4371985234434
1997,Himachal Pradesh,Kinnaur,2.796064400715564,627.7644900998043
1997,Himachal Pradesh,Kangra,2.8034322738814463,1017.3026986330988
1997,Himachal Pradesh,Solan,2.887311703360371,1679.5063323751629
1997,Himachal Pradesh,Kullu,2.7099236641221376,1203.1847686416927
1997,Himachal Pradesh,Shimla,2.7814382530120483,1152.5103738728073
1997,Himachal Pradesh,Hamirpur,2.9189207697048563,3194.644240720605
1997,Himachal Pradesh,Mandi,2.7018009214016474,1810.8693156673237
1997,Himachal Pradesh,Sirmaur,2.8638669673055244,1536.412225138618
1997,Himachal Pradesh,Chamba,2.67988969028426,817.4526499850219
1997,Himachal Pradesh,Una,2.87593984962406,966.237751035404
1997,Madhya Pradesh,Datia,2.900318724168712,613.2567831561489
1997,Madhya Pradesh,Narsinghpur,3.0118045377790237,2143.83399358538
1997,Madhya Pradesh,Damoh,2.9188585683676345,1036.9790108374068
1997,Madhya Pradesh,Mandsaur,3.070122,1718.375068287829
1997,Madhya Pradesh,Dindori,3.1193560745793527,259.6002752554209
1997,Madhya Pradesh,Shahdol,2.9412256006647945,1556.2619914384643
1997,Madhya Pradesh,Khandwa,2.9510484261008894,1634.3651177467934
1997,Madhya Pradesh,Harda,2.925484312096235,860.7201802509896
1997,Madhya Pradesh,Ratlam,2.9825864335882635,1465.1955281178061
1997,Madhya Pradesh,Sidhi,2.8939372002126444,2382.187593954629
1997,Madhya Pradesh,Morena,2.91231694386092,1582.5576741320313
1997,Madhya Pradesh,Tikamgarh,3.0258241240463413,722.9243038238086
1997,Madhya Pradesh,Chhindwara,3.075974444504456,1814.3714262045985
1997,Madhya Pradesh,Indore,2.8417705711685475,7490.5273861483765
1997,Madhya Pradesh,Satna,2.93639000268058,1358.1519114085395
1997,Madhya Pradesh,Bhopal,2.825690341207933,2012.4451955077368
1997,Madhya Pradesh,Katni,2.8805451574420524,1511.7576363333053
1997,Madhya Pradesh,Panna,2.881396951463941,640.1090878678554
1997,Madhya Pradesh,Bhind,2.93345500984512,1175.3020576027284
1997,Madhya Pradesh,Mandla,2.9415224477131696,291.59388815926104
1997,Madhya Pradesh,Sheopur,2.9169195320675567,556.6032644517052
1997,Madhya Pradesh,Khargone,2.8878538289096816,784.3414697203502
1997,Madhya Pradesh,Ujjain,2.9456634133011845,2048.9522894817287
1997,Madhya Pradesh,Balaghat,3.0868237742619016,717.0926865513263
1997,Madhya Pradesh,Betul,2.973691407978492,950.6288980018373
1997,Madhya Pradesh,Sagar,2.9458580957766816,1128.1516180457425
1997,Madhya Pradesh,Sehore,2.8692567487473166,1237.1592882270932
1997,Madhya Pradesh,Raisen,2.9705099486867277,1337.2917490060836
1997,Madhya Pradesh,Guna,2.857755308611276,1611.917211157308
1997,Madhya Pradesh,Chhatarpur,3.084492230567538,730.3961570190967
1997,Madhya Pradesh,Barwani,2.941798031025844,810.1949430960346
1997,Madhya Pradesh,Shajapur,2.9556435535198897,1484.9192283740372
1997,Madhya Pradesh,Seoni,3.058292909690178,1230.0360434855502
1997,Madhya Pradesh,Shivpuri,3.0368871081331816,1299.418007896808
1997,Madhya Pradesh,Jabalpur,2.8480498175760096,2326.3476394618187
1997,Madhya Pradesh,Neemuch,3.0866683051515564,1469.584326544548
1997,Madhya Pradesh,Jhabua,2.7730931991394066,554.2992839297864
1997,Madhya Pradesh,Dhar,2.9262323218997364,1545.6639908299296
1997,Madhya Pradesh,Rajgarh,2.999162790956032,957.063401198456
1997,Madhya Pradesh,Vidisha,2.8645782640236876,1168.5732374790255
1997,Madhya Pradesh,Gwalior,2.85646449255403,1640.818124347876
1997,Madhya Pradesh,Umaria,2.8961597474702048,391.20563616098707
1997,Madhya Pradesh,Hoshangabad,2.9360154034432684,705.8937465083881
1997,Madhya Pradesh,Rewa,2.9804081838366194,1243.1426580561329
1997,Madhya Pradesh,Dewas,2.853867164474903,1434.2906732483773
1997,Manipur,Tamenglong,2.9219440353460966,302.88027921266684
1997,Manipur,Senapati,1.9249422632794453,740.2849329695999
1997,Manipur,Chandel,1.7290076335877862,395.792968054092
1997,Manipur,Imphal West,2.541072858286629,1306.229937122215
1997,Manipur,Bishnupur,2.457453228726614,1300.7803856560506
1997,Manipur,Churachandpur,2.544031911629334,649.4344170726972
1997,Manipur,Imphal East,2.4486654658588507,1446.2073229095608
1997,Manipur,Ukhrul,1.9874542603240983,527.4360425758318
1997,Manipur,Thoubal,2.2459418070444106,1077.7512595195424
1997,Meghalaya,East Garo Hills,2.3653846153846154,277.2805883890181
1997,Meghalaya,West Garo Hills,2.439147397468836,509.6643899515924
1997,Meghalaya,South Garo Hills,2.393780442113151,532.5733926711243
1997,Meghalaya,East Jaintia Hills,2.4979287489643744,983.7015177187477
1997,Meghalaya,West Khasi Hills,2.9409675236806496,567.4308251074752
1997,Meghalaya,Ri Bhoi,2.6650119142176334,691.9782800779277
1997,Meghalaya,East Khasi Hills,2.83016975861328,1635.1324250452728
1997,Mizoram,Mamit,3.321977287909152,334.3030414488132
1997,Mizoram,Lawngtlai,2.574506283662477,269.1660422312223
1997,Mizoram,Lunglei,2.710971163407358,513.1701581569648
1997,Mizoram,Aizawl,3.101662498160953,725.2797082871933
1997,Mizoram,Saiha,2.0526729559748427,377.3315913838228
1997,Mizoram,Serchhip,3.167821401077752,599.8237589406722
1997,Mizoram,Kolasib,3.2470036477331945,399.0421671322868
1997,Mizoram,Champhai,3.7372515125324113,381.0859171692991
1997,Uttar Pradesh,Shahjahanpur,2.8958949992210625,1248.30986023944
1997,Uttar Pradesh,Moradabad,2.775880772807108,2254.474681168515
1997,Uttar Pradesh,Chitrakoot,2.9182464454976302,259.06242877451496
1997,Uttar Pradesh,Pilibhit,2.884042600203278,1388.3100108410067
1997,Uttar Pradesh,Etah,2.7806096589674896,1404.8655312222204
1997,Uttar Pradesh,Auraiyya,2.7929010427456658,1304.9758041182874
1997,Uttar Pradesh,Kanpur Rural,2.7794084134724946,1036.028624851656
1997,Uttar Pradesh,Unnao,2.8260083664721374,892.2996796765027
1997,Uttar Pradesh,Sultanpur,2.82468134414832,960.810735537334
1997,Uttar Pradesh,Faizabad,2.8431163287086445,853.7770042595666
1997,Uttar Pradesh,Mau,3.0,1295.4666915687912
1997,Uttar Pradesh,Jhansi,2.9088517102715583,1516.948100166661
1997,Uttar Pradesh,Hardoi,2.976331866535652,991.7554064611928
1997,Uttar Pradesh,Kannauj,2.8193894389438943,934.9863829915512
1997,Uttar Pradesh,Aligarh,2.862189196913404,2079.7780937832067
1997,Uttar Pradesh,Ghaziabad,2.8248429867411025,5566.558570072963
1997,Uttar Pradesh,Kaushambi,2.803878806760652,389.5607810322174
1997,Uttar Pradesh,Mathura,2.8410863678616174,1063.9002646655902
1997,Uttar Pradesh,Farrukhabad,2.848312867609122,1574.5624980751513
1997,Uttar Pradesh,Hamirpur,2.9189207697048563,3194.644240720605
1997,Uttar Pradesh,Sitapur,2.902829758101324,852.4732655799562
1997,Uttar Pradesh,Bulandshahr,2.8632997862022216,1712.476699176425
1997,Uttar Pradesh,Pratapgarh,2.81616,1433.5080756140994
1997,Uttar Pradesh,Meerut,2.793754352527215,4213.5131727599255
1997,Uttar Pradesh,Agra,2.8309523809523816,2819.8004388335307
1997,Uttar Pradesh,Mainpuri,2.8460839266777764,1128.287085849916
1997,Uttar Pradesh,Rampur,2.9241542225596886,1400.700589205282
1997,Uttar Pradesh,Gautam Buddh Nagar,2.8404998397949366,2373.052050160988
1997,Uttar Pradesh,Allahabad,2.769139809877116,3343.857258624241
1997,Uttar Pradesh,Saharanpur,2.828776266996292,1987.4710210181506
1997,Uttar Pradesh,Bijnor,2.8175185779143046,2225.2821010325224
1997,Uttar Pradesh,Kheri,2.904797322424693,1810.592601226838
1997,Uttar Pradesh,Fatehpur,2.867656362026064,918.0767454315946
1997,Uttar Pradesh,Lucknow,2.761534905224225,3964.0976981898243
1997,Uttar Pradesh,Kanpur Urban,2.7650541698160747,3558.8290633963647
1997,Uttar Pradesh,Barabanki,2.7750414593698176,859.9782694426567
1997,Uttar Pradesh,Firozabad,2.790176143257604,1161.9209898546153
1997,Uttar Pradesh,Muzaffarnagar,2.7751564434628384,3533.5136233012104
1997,Uttar Pradesh,Jalaun,2.8590457893051555,1539.1147218058145
1997,Uttar Pradesh,Rae Bareli,2.8402498193455146,710.3925024031981
1997,Uttar Pradesh,Mahoba,2.986654394845836,435.6170265726997
1997,Uttar Pradesh,Bagpat,2.8306968130256966,854.0939273082856
1997,Uttar Pradesh,Lalitpur,3.0894600161189216,419.58128858936783
1997,Uttar Pradesh,Bareilly,2.82136827336932,1708.7795200933456
1997,Uttarakhand,Pauri Garhwal,2.767390871038469,455.5257178338434
1997,Uttarakhand,Dehradun,2.8492204110559887,1407.8129444324409
1997,Uttarakhand,Chamoli,2.697936210131332,319.70981996586505
1997,Uttarakhand,Nainital,2.777237529263461,1900.4843885741682
1997,Uttarakhand,Bageshwar,2.726197345643393,257.2336483179867
1997,Uttarakhand,Uttarkashi,2.949516196886832,332.89380401892544
1997,Uttarakhand,Udham Singh Nagar,2.87202832574608,1580.9692035153892
1998,Andhra Pradesh,Prakasam,2.718875136512559,2527.432366142447
1998,Andhra Pradesh,Anantapur,2.46096256684492,2241.8855084927573
1998,Andhra Pradesh,Kurnool,2.4656782269649087,2365.242096922912
1998,Andhra Pradesh,Vizianagaram,2.8360780339498355,782.6395600314752
1998,Andhra Pradesh,Krishna,2.539933533447684,5994.680475509461
1998,Andhra Pradesh,Chittoor,2.173247220187762,3865.3048635844593
1998,Andhra Pradesh,Guntur,2.6250856751199447,8458.79622997982
1998,Andhra Pradesh,Kadapa,2.6965082698871097,2444.0587997484477
1998,Andhra Pradesh,Srikakulam,2.889604468254873,1051.053006097384
1998,Andhra Pradesh,Visakhapatnam,2.671054257817328,8329.875792070394
1998,Andhra Pradesh,West Godavari,2.5484067031344972,10642.214848678226
1998,Andhra Pradesh,Nellore,2.6840200445434297,2863.504648260368
1998,Andhra Pradesh,East Godavari,2.6033382425135003,9981.48512686197
1998,Haryana,Panipat,2.8288476118271424,3915.844033644785
1998,Haryana,Jind,2.9078820582000384,1698.069413444035
1998,Haryana,Fatehabad,3.1414851654947693,2431.7643564893265
1998,Haryana,Kaithal,3.0837622835751053,1985.7578902404896
1998,Haryana,Hisar,2.8743589743589744,3197.993672724635
1998,Haryana,Sirsa,3.2210752111543104,1000.3555793538924
1998,Haryana,Gurgaon,2.8632510830664915,11326.758544478516
1998,Haryana,Kurukshetra,3.0948430493273533,4018.0304522312304
1998,Haryana,Panchkula,3.0434201736806945,2527.2944269886248
1998,Haryana,Faridabad,2.883042137718397,9530.565779309427
1998,Haryana,Jhajjar,2.8479532163742687,1848.0920796975226
1998,Haryana,Karnal,2.934497816593886,3992.541587896453
1998,Haryana,Yamunanagar,3.0764705882352943,1511.5761271323183
1998,Haryana,Sonipat,2.8476774345673186,3373.1486243449563
1998,Haryana,Mahendragarh,2.895124195032199,1898.0380503021374
1998,Haryana,Rohtak,2.8284808302104354,2653.02944629538
1998,Haryana,Bhiwani,2.872735372735373,2508.933281889245
1998,Haryana,Ambala,3.1882556131260795,3017.110314929107
1998,Haryana,Rewari,2.8647619047619046,3189.0000270627
1998,Himachal Pradesh,Bilaspur,2.781167108753316,1290.8226893979781
1998,Himachal Pradesh,Kinnaur,2.767123287671233,678.7296846286008
1998,Himachal Pradesh,Kangra,2.837065472382171,1028.681377002403
1998,Himachal Pradesh,Solan,2.8835019183815835,1826.0143864511028
1998,Himachal Pradesh,Kullu,2.6946792640477373,1212.3208314924655
1998,Himachal Pradesh,Shimla,2.7970613287904604,1216.1247375371374
1998,Himachal Pradesh,Hamirpur,2.875749856191963,3240.265175381765
1998,Himachal Pradesh,Mandi,2.7047470817120622,1847.1038602233814
1998,Himachal Pradesh,Sirmaur,2.8537574056750863,1534.8030573900562
1998,Himachal Pradesh,Chamba,2.70439414114514,817.6846817509312
1998,Himachal Pradesh,Una,2.8891502499264923,1046.7823019308867
1998,Madhya Pradesh,Datia,2.9538420490928496,673.5044852278393
1998,Madhya Pradesh,Narsinghpur,3.0023779037863543,2158.604093564088
1998,Madhya Pradesh,Damoh,2.9112349117920147,1141.0067750563053
1998,Madhya Pradesh,Mandsaur,3.154627949183303,1778.7207435108226
1998,Madhya Pradesh,Dindori,3.059390048154093,291.2948453645302
1998,Madhya Pradesh,Shahdol,2.9526699029126213,1556.4318769240924
1998,Madhya Pradesh,Khandwa,2.9123621590249567,1678.6632300058636
1998,Madhya Pradesh,Harda,2.9540081667741243,908.2387048142343
1998,Madhya Pradesh,Ratlam,2.9391761424587,1497.109435319216
1998,Madhya Pradesh,Sidhi,2.9721516189634216,2442.7519024740154
1998,Madhya Pradesh,Morena,2.9217722039473686,1562.1167185204592
1998,Madhya Pradesh,Tikamgarh,3.030776571633067,735.5406705246293
1998,Madhya Pradesh,Chhindwara,3.0462697475684486,1789.0214686399668
1998,Madhya Pradesh,Indore,2.838471849865952,7343.345606720111
1998,Madhya Pradesh,Satna,2.9474527609000467,1514.6316827610822
1998,Madhya Pradesh,Bhopal,2.8300019281444824,2102.535740783549
1998,Madhya Pradesh,Katni,2.8539255830514514,1506.6178235312839
1998,Madhya Pradesh,Panna,2.850373085482393,636.0484781004351
1998,Madhya Pradesh,Bhind,2.9092698083894355,1295.5798234639958
1998,Madhya Pradesh,Mandla,2.952998126171143,302.7447579196206
1998,Madhya Pradesh,Sheopur,3.01322087987235,595.7845363877906
1998,Madhya Pradesh,Khargone,2.932658450704225,807.6078461919935
1998,Madhya Pradesh,Ujjain,2.9092927722882203,2195.7004333429195
1998,Madhya Pradesh,Balaghat,3.025741503952436,721.7731071540071
1998,Madhya Pradesh,Betul,2.9670459777675458,1061.232585734403
1998,Madhya Pradesh,Sagar,2.8951180444320634,1221.3262765569584
1998,Madhya Pradesh,Sehore,2.8854607783827384,1378.073311790891
1998,Madhya Pradesh,Raisen,2.9200565970993986,1478.1593549496492
1998,Madhya Pradesh,Guna,2.9145939466586754,1653.2591929329376
1998,Madhya Pradesh,Chhatarpur,2.9996536496666377,781.5980047058557
1998,Madhya Pradesh,Barwani,2.8457055640349664,903.2853366128617
1998,Madhya Pradesh,Shajapur,2.9725103734439835,1593.9653164546635
1998,Madhya Pradesh,Seoni,3.021803244154203,1250.164388998605
1998,Madhya Pradesh,Shivpuri,2.9242802303262962,1314.8704373137452
1998,Madhya Pradesh,Jabalpur,2.8321274842018505,2454.8875132156804
1998,Madhya Pradesh,Neemuch,3.0401673640167366,1487.5961015517914
1998,Madhya Pradesh,Jhabua,2.7668968199941655,553.8335880410051
1998,Madhya Pradesh,Dhar,2.8859835100117786,1704.3646025462192
1998,Madhya Pradesh,Rajgarh,2.9536799459824437,970.7836727095153
1998,Madhya Pradesh,Vidisha,2.877305050018079,1283.7967913498105
1998,Madhya Pradesh,Gwalior,2.8840284842319432,1747.0475552122991
1998,Madhya Pradesh,Umaria,2.9173857462448067,383.6444267250086
1998,Madhya Pradesh,Hoshangabad,2.9063130973213083,787.4726880633767
1998,Madhya Pradesh,Rewa,3.035455585207777,1303.5094278362974
1998,Madhya Pradesh,Dewas,2.8789417162940545,1518.3396507289983
1998,Manipur,Tamenglong,2.9050814956855224,304.47471322694656
1998,Manipur,Senapati,1.8662020905923344,743.1915943342411
1998,Manipur,Chandel,1.827476038338658,406.0106231294753
1998,Manipur,Imphal West,2.5376165113182423,1369.3014423370273
1998,Manipur,Bishnupur,2.4709340300457217,1447.8500306081394
1998,Manipur,Churachandpur,2.535795887281036,725.3192938883707
1998,Manipur,Imphal East,2.4175954069571093,1562.4407311807129
1998,Manipur,Ukhrul,2.0673546985334057,553.5434821016388
1998,Manipur,Thoubal,2.2670242158296765,1110.2543357495654
1998,Meghalaya,East Garo Hills,2.3955301455301456,268.2128436870746
1998,Meghalaya,West Garo Hills,2.425905797101449,517.8801718400863
1998,Meghalaya,South Garo Hills,2.377884196778407,594.9591794317603
1998,Meghalaya,East Jaintia Hills,2.558495245969409,992.9794609588761
1998,Meghalaya,West Khasi Hills,2.97196261682243,615.2414414008132
1998,Meghalaya,Ri Bhoi,2.6633771929824563,699.9320510088469
1998,Meghalaya,East Khasi Hills,2.8459327851840026,1732.5952643908365
1998,Mizoram,Mamit,3.295391061452514,330.48610652898924
1998,Mizoram,Lawngtlai,2.504681647940075,285.62105663323297
1998,Mizoram,Lunglei,2.669095727061941,572.2451972208669
1998,Mizoram,Aizawl,3.016091235744415,740.3980713591458
1998,Mizoram,Saiha,1.9591516103692064,421.95584527321745
1998,Mizoram,Serchhip,3.107924528301887,607.3742873244173
1998,Mizoram,Kolasib,3.245189664650907,426.638224741925
1998,Mizoram,Champhai,3.741335587489434,385.4746290696941
1998,Uttar Pradesh,Shahjahanpur,2.908782104391052,1381.4771305085699
1998,Uttar Pradesh,Moradabad,2.6892290461078963,2271.618229834368
1998,Uttar Pradesh,Chitrakoot,2.88230008984726,280.44629101944423
1998,Uttar Pradesh,Pilibhit,2.8311708020335384,1536.3954542820086
1998,Uttar Pradesh,Etah,2.7715573207057207,1542.9331522293826
1998,Uttar Pradesh,Auraiyya,2.7200820272447634,1404.9728805307236
1998,Uttar Pradesh,Kanpur Rural,2.7449208829849585,1044.294326410677
1998,Uttar Pradesh,Unnao,2.7684028975508794,939.8468179813497
1998,Uttar Pradesh,Sultanpur,2.798339993851829,977.5679897690378
1998,Uttar Pradesh,Faizabad,2.7462235649546827,943.0942738017853
1998,Uttar Pradesh,Mau,2.583333333333333,1358.1519114085395
1998,Uttar Pradesh,Jhansi,2.8803782802029185,1627.6354274353373
1998,Uttar Pradesh,Hardoi,2.8908658204895734,992.7410310885437
1998,Uttar Pradesh,Kannauj,2.809998915518924,1000.3664989514052
1998,Uttar Pradesh,Aligarh,2.850017271157168,2212.3246008760448
1998,Uttar Pradesh,Ghaziabad,2.8299737072743207,5671.4384740338655
1998,Uttar Pradesh,Kaushambi,2.7253505575797727,420.8748399586204
1998,Uttar Pradesh,Mathura,2.8066350710900467,1047.8111756821363
1998,Uttar Pradesh,Farrukhabad,2.829519071310116,1590.9407327384392
1998,Uttar Pradesh,Hamirpur,2.875749856191963,3240.265175381765
1998,Uttar Pradesh,Sitapur,2.872441778405081,821.917391622372
1998,Uttar Pradesh,Bulandshahr,2.837845669812883,1809.46641461906
1998,Uttar Pradesh,Pratapgarh,2.7947288981771736,1472.5067774775516
1998,Uttar Pradesh,Meerut,2.7800022815423224,4239.163184334883
1998,Uttar Pradesh,Agra,2.804565362415524,2805.0953088459028
1998,Uttar Pradesh,Mainpuri,2.8267065585386977,1165.1978495539686
1998,Uttar Pradesh,Rampur,2.899615754082613,1479.773743877062
1998,Uttar Pradesh,Gautam Buddh Nagar,2.843724761750929,2494.242441161073
1998,Uttar Pradesh,Allahabad,2.756515264333581,3807.3106750155603
1998,Uttar Pradesh,Saharanpur,2.8170574849114485,2279.865504712991
1998,Uttar Pradesh,Bijnor,2.808979429065169,2426.0640226018445
1998,Uttar Pradesh,Kheri,2.8778454208575965,1883.713853015091
1998,Uttar Pradesh,Fatehpur,2.8370343839541547,1005.4131478952247
1998,Uttar Pradesh,Lucknow,2.7629938505601888,4455.265713768827
1998,Uttar Pradesh,Kanpur Urban,2.7600071098471384,3903.808756335264
1998,Uttar Pradesh,Barabanki,2.80644542489929,737.0597007729407
1998,Uttar Pradesh,Firozabad,2.822929528513285,1255.7171082829673
1998,Uttar Pradesh,Muzaffarnagar,2.771263902021703,3883.28101472991
1998,Uttar Pradesh,Jalaun,2.8697666437886067,1559.3057482981205
1998,Uttar Pradesh,Rae Bareli,2.813481354268891,697.5066736222633
1998,Uttar Pradesh,Mahoba,2.93266078184111,483.94898160247794
1998,Uttar Pradesh,Bagpat,2.8028655624428414,877.5211744044385
1998,Uttar Pradesh,Lalitpur,3.0187289397382653,453.4322064372968
1998,Uttar Pradesh,Bareilly,2.8347594385648884,1737.5384428384327
1998,Uttarakhand,Pauri Garhwal,2.83731566175098,457.1795370187382
1998,Uttarakhand,Dehradun,2.849740024537009,1558.6080497493303
1998,Uttarakhand,Chamoli,2.7554697554697563,322.72169316773824
1998,Uttarakhand,Nainital,2.793437886917045,1866.7448696758304
1998,Uttarakhand,Bageshwar,2.7646287063762798,271.89163808430243
1998,Uttarakhand,Uttarkashi,2.9767843912077057,356.63088987383173
1998,Uttarakhand,Udham Singh Nagar,2.921158487530169,1690.50527419422
1999,Andhra Pradesh,Prakasam,2.676620825147348,2790.5277856575885
1999,Andhra Pradesh,Anantapur,2.4192248062015502,2311.6406361763793
1999,Andhra Pradesh,Kurnool,2.4622259567641893,2685.252838224324
1999,Andhra Pradesh,Vizianagaram,2.8400260473192964,848.9631067948386
1999,Andhra Pradesh,Krishna,2.5373268776038733,6384.7376812081075
1999,Andhra Pradesh,Chittoor,2.155281434642894,4298.470653484948
1999,Andhra Pradesh,Guntur,2.5890475548969416,8808.768292249493
1999,Andhra Pradesh,Kadapa,2.6512777368808496,2580.116371657204
1999,Andhra Pradesh,Srikakulam,2.880781089414183,1073.7236277287075
1999,Andhra Pradesh,Visakhapatnam,2.6079116237511166,9213.963702982111
1999,Andhra Pradesh,West Godavari,2.516670844823264,10785.003898843528
1999,Andhra Pradesh,Nellore,2.6707365104371803,3202.8146345390774
1999,Andhra Pradesh,East Godavari,2.5590443686006825,10919.214988131693
1999,Haryana,Panipat,2.8613556118271424,4005.3313249328203
1999,Haryana,Jind,2.8938360582000384,1751.8598539893494
1999,Haryana,Fatehabad,3.1288881654947693,2484.351732601985
1999,Haryana,Kaithal,3.063694283575105,2027.5933622892085
1999,Haryana,Hisar,2.9062159743589744,3481.977093987053
1999,Haryana,Sirsa,3.2436592111543106,1058.7449351300934
1999,Haryana,Gurgaon,2.900300083066492,11847.003307493042
1999,Haryana,Kurukshetra,3.1004120493273533,4447.005914285373
1999,Haryana,Panchkula,3.0112741736806945,2496.1490100349274
1999,Haryana,Faridabad,2.878197137718397,10751.504295353932
1999,Haryana,Jhajjar,2.8550622163742685,2016.0510364041327
1999,Haryana,Karnal,2.9490778165938862,3915.715803718839
1999,Haryana,Yamunanagar,3.059112588235294,1665.1037727258267
1999,Haryana,Sonipat,2.8855494345673187,3374.916453760225
1999,Haryana,Mahendragarh,2.900320195032199,2191.462279284024
1999,Haryana,Rohtak,2.862910830210436,2637.350916990981
1999,Haryana,Bhiwani,2.847799372735373,2857.5719661913317
1999,Haryana,Ambala,3.18309161312608,3139.2997539793428
1999,Haryana,Rewari,2.8465469047619045,3559.372962334415
1999,Himachal Pradesh,Bilaspur,2.8058381247235737,1393.4416301047454
1999,Himachal Pradesh,Kinnaur,2.84984984984985,671.0388237354672
1999,Himachal Pradesh,Kangra,2.8601866251944013,1132.989250735461
1999,Himachal Pradesh,Solan,2.8764331210191076,1902.3938904176728
1999,Himachal Pradesh,Kullu,2.6999643239386373,1235.930997440023
1999,Himachal Pradesh,Shimla,2.809122603137711,1360.4220498818754
1999,Himachal Pradesh,Hamirpur,2.8747427630676365,3333.9438745418706
1999,Himachal Pradesh,Mandi,2.7189343095383363,1880.8168447376154
1999,Himachal Pradesh,Sirmaur,2.853537629562866,1555.990213230276
1999,Himachal Pradesh,Chamba,2.7031007751937985,880.5052184482236
1999,Himachal Pradesh,Una,2.9278922345483362,1104.3438573370638
1999,Madhya Pradesh,Datia,2.930626049092849,667.0877687765527
1999,Madhya Pradesh,Narsinghpur,3.0232389037863543,2384.1386280943025
1999,Madhya Pradesh,Damoh,2.9090399117920147,1155.6850008291133
1999,Madhya Pradesh,Mandsaur,3.161026949183303,1747.0475552122991
1999,Madhya Pradesh,Dindori,3.0418440481540934,295.7934924783812
1999,Madhya Pradesh,Shahdol,2.966459902912621,1814.1931894620072
1999,Madhya Pradesh,Khandwa,2.9062401590249567,1844.726234343975
1999,Madhya Pradesh,Harda,2.9685861667741245,950.193174871037
1999,Madhya Pradesh,Ratlam,2.9196611424587,1634.7754931293994
1999,Madhya Pradesh,Sidhi,2.925523618963421,2447.3424599062605
1999,Madhya Pradesh,Morena,2.9111802039473686,1696.2168704654987
1999,Madhya Pradesh,Tikamgarh,3.010609571633067,838.4641974534449
1999,Madhya Pradesh,Chhindwara,3.0711197475684484,1949.546639614332
1999,Madhya Pradesh,Indore,2.860349849865952,7408.965371519529
1999,Madhya Pradesh,Satna,2.9511887609000467,1682.8278700145395
1999,Madhya Pradesh,Bhopal,2.8460969281444823,2227.712468754545
1999,Madhya Pradesh,Katni,2.849113583051452,1655.1732194488266
1999,Madhya Pradesh,Panna,2.855364085482393,671.1780099254838
1999,Madhya Pradesh,Bhind,2.920167808389436,1388.173628703114
1999,Madhya Pradesh,Mandla,2.908198126171143,336.21699827783067
1999,Madhya Pradesh,Sheopur,3.01112987987235,667.8892369563281
1999,Madhya Pradesh,Khargone,2.960909450704225,831.9547923780707
1999,Madhya Pradesh,Ujjain,2.8916007722882204,2422.9147007610213
1999,Madhya Pradesh,Balaghat,2.982608503952436,790.7803955884242
1999,Madhya Pradesh,Betul,2.9244309777675457,1163.5709672235241
1999,Madhya Pradesh,Sagar,2.8782070444320635,1337.0436159332667
1999,Madhya Pradesh,Sehore,2.9071977783827383,1530.5702988983844
1999,Madhya Pradesh,Raisen,2.9202905970993984,1639.7617387354671
1999,Madhya Pradesh,Guna,2.9367889466586754,1786.8356305495047
1999,Madhya Pradesh,Chhatarpur,2.9690326496666377,856.6709541750647
1999,Madhya Pradesh,Barwani,2.8404355640349666,919.0794336244321
1999,Madhya Pradesh,Shajapur,2.9572503734439834,1748.9556135142373
1999,Madhya Pradesh,Seoni,3.042045244154203,1231.3660004115054
1999,Madhya Pradesh,Shivpuri,2.913896230326296,1464.5878984441126
1999,Madhya Pradesh,Jabalpur,2.8616054842018506,2696.3259659065925
1999,Madhya Pradesh,Neemuch,3.0282253640167367,1687.4448539307143
1999,Madhya Pradesh,Jhabua,2.7634608199941653,572.9890056171548
1999,Madhya Pradesh,Dhar,2.8852115100117786,1863.019647114664
1999,Madhya Pradesh,Rajgarh,2.9515389459824437,962.1646250505844
1999,Madhya Pradesh,Vidisha,2.9119980500180787,1297.745373265765
1999,Madhya Pradesh,Gwalior,2.904073484231944,1911.3233433854598
1999,Madhya Pradesh,Umaria,2.956229746244807,403.41302722327634
1999,Madhya Pradesh,Hoshangabad,2.917861097321308,858.1028718241333
1999,Madhya Pradesh,Rewa,2.999579585207777,1402.3681437948185
1999,Madhya Pradesh,Dewas,2.8805867162940544,1615.2990195769476
1999,Manipur,Tamenglong,2.9625435540069684,310.9198571747861
1999,Manipur,Senapati,1.9424050632911392,826.2441607654048
1999,Manipur,Chandel,1.88062015503876,483.2574528134501
1999,Manipur,Imphal West,2.548776711056054,1372.4438757312594
1999,Manipur,Bishnupur,2.5052,1494.4806947828192
1999,Manipur,Churachandpur,2.5579984836997727,751.3648593785153
1999,Manipur,Imphal East,2.4741630901287555,1599.59516983839
1999,Manipur,Ukhrul,2.0819542947202523,605.8777790419592
1999,Manipur,Thoubal,2.2847222222222223,1322.5427097688444
1999,Meghalaya,East Garo Hills,2.3911368015414256,291.6702886958942
1999,Meghalaya,West Garo Hills,2.4404079031230084,582.1302564938835
1999,Meghalaya,South Garo Hills,2.4209599295464552,632.9525668140234
1999,Meghalaya,East Jaintia Hills,2.5416472778036296,998.806206062459
1999,Meghalaya,West Khasi Hills,2.9891496899911427,640.479517189903
1999,Meghalaya,Ri Bhoi,2.6959111833197937,765.6132985391704
1999,Meghalaya,East Khasi Hills,2.859497505345688,1720.7213176070754
1999,Mizoram,Mamit,3.369908561928512,369.1098793002826
1999,Mizoram,Lawngtlai,2.477027793533749,323.24700539905984
1999,Mizoram,Lunglei,2.7292233303112723,635.8541069772791
1999,Mizoram,Aizawl,2.9987876688604085,822.1776140778501
1999,Mizoram,Saiha,2.04,474.9476379254173
1999,Mizoram,Serchhip,3.2045240339302543,658.2989121394478
1999,Mizoram,Kolasib,3.217391304347826,471.75448260192337
1999,Mizoram,Champhai,3.6512524084778417,440.7299434590306
1999,Uttar Pradesh,Shahjahanpur,2.9280692052456945,1538.745156333442
1999,Uttar Pradesh,Moradabad,2.7524212686806493,2423.9992993365477
1999,Uttar Pradesh,Chitrakoot,2.885326622168728,314.0853971132654
1999,Uttar Pradesh,Pilibhit,2.8613320079522864,1625.1677274092265
1999,Uttar Pradesh,Etah,2.758851973171112,1721.0218686982835
1999,Uttar Pradesh,Auraiyya,2.7284974093264247,1622.2610072175335
1999,Uttar Pradesh,Kanpur Rural,2.7562857522947986,1152.7871760703529
1999,Uttar Pradesh,Unnao,2.8522821576763486,1003.0234979221159
1999,Uttar Pradesh,Sultanpur,2.84110718492344,1046.4852598663106
1999,Uttar Pradesh,Faizabad,2.761132,950.7741834423288
1999,Uttar Pradesh,Mau,2.4545454545454546,1425.8456160078485
1999,Uttar Pradesh,Jhansi,2.911124977714388,1635.8108104005876
1999,Uttar Pradesh,Hardoi,2.9098858075040783,983.9270362712981
1999,Uttar Pradesh,Kannauj,2.814360119047619,1058.8142787772697
1999,Uttar Pradesh,Aligarh,2.847870677866771,2408.201734904591
1999,Uttar Pradesh,Ghaziabad,2.83531852762622,5720.681746048594
1999,Uttar Pradesh,Kaushambi,2.7370882868836484,497.1311316295763
1999,Uttar Pradesh,Mathura,2.8272040302267003,1113.1181434645075
1999,Uttar Pradesh,Farrukhabad,2.8490238252812707,1826.8517285057408
1999,Uttar Pradesh,Hamirpur,2.8747427630676365,3333.9438745418706
1999,Uttar Pradesh,Sitapur,2.9017386722866174,676.2522756766385
1999,Uttar Pradesh,Bulandshahr,2.8677637624258625,2070.4458112636385
1999,Uttar Pradesh,Pratapgarh,2.7536380172805823,1451.9491187708945
1999,Uttar Pradesh,Meerut,2.7799011771544837,4337.506665367406
1999,Uttar Pradesh,Agra,2.7899412739045326,2867.164057423749
1999,Uttar Pradesh,Mainpuri,2.8742725265904068,1204.8670382200012
1999,Uttar Pradesh,Rampur,2.9451618175874468,1684.7761290525982
1999,Uttar Pradesh,Gautam Buddh Nagar,2.8303952699003614,2960.572586996367
1999,Uttar Pradesh,Allahabad,2.7911587843328456,4237.127650226694
1999,Uttar Pradesh,Saharanpur,2.8177096339209915,2533.6750830733504
1999,Uttar Pradesh,Bijnor,2.8201094082010942,2519.7743650761145
1999,Uttar Pradesh,Kheri,2.896280134106753,1858.2467919396756
1999,Uttar Pradesh,Fatehpur,2.881070859872612,1058.8142787772697
1999,Uttar Pradesh,Lucknow,2.806060606060606,4828.285468159448
1999,Uttar Pradesh,Kanpur Urban,2.7656206141582,4285.970602430977
1999,Uttar Pradesh,Barabanki,2.8261661807580176,807.0967049608722
1999,Uttar Pradesh,Firozabad,2.8232429718875496,1308.4275707593736
1999,Uttar Pradesh,Muzaffarnagar,2.7729853975121688,3969.6835540764946
1999,Uttar Pradesh,Jalaun,2.8716883116883123,1570.1686698536844
1999,Uttar Pradesh,Rae Bareli,2.86370348493798,755.4851374913322
1999,Uttar Pradesh,Mahoba,2.9786324786324787,516.3730176369031
1999,Uttar Pradesh,Bagpat,2.8109010011123465,955.6958254414792
1999,Uttar Pradesh,Lalitpur,3.0319564847866736,481.52506658188315
1999,Uttar Pradesh,Bareilly,2.8246721493665268,2007.968880521667
1999,Uttarakhand,Pauri Garhwal,2.8477792151789565,471.996571662096
1999,Uttarakhand,Dehradun,2.8561750911933297,1663.7774750576048
1999,Uttarakhand,Chamoli,2.792147806004619,360.23036479267967
1999,Uttarakhand,Nainital,2.79480198019802,1965.4867662021663
1999,Uttarakhand,Bageshwar,2.7440929114937926,284.488450362536
1999,Uttarakhand,Uttarkashi,2.962991819244253,384.48708469192457
1999,Uttarakhand,Udham Singh Nagar,2.8965414430530716,1668.032633433064
2000,Andhra Pradesh,Prakasam,2.670391061452514,2836.79892265195
2000,Andhra Pradesh,Anantapur,2.4166294143942784,2524.338821835641
2000,Andhra Pradesh,Kurnool,2.5420145674187244,2829.30280152478
2000,Andhra Pradesh,Vizianagaram,2.8159722222222223,901.2210529319502
2000,Andhra Pradesh,Krishna,2.521357519016969,7387.613186705496
2000,Andhra Pradesh,Chittoor,2.2500874431619446,4503.84417525961
2000,Andhra Pradesh,Guntur,2.535223880597015,9730.567431844662
2000,Andhra Pradesh,Kadapa,2.6860914359304573,2892.292336630697
2000,Andhra Pradesh,Srikakulam,2.8712340074288063,1175.420092110345
2000,Andhra Pradesh,Visakhapatnam,2.5578465063001143,10216.187840445391
2000,Andhra Pradesh,West Godavari,2.5101123595505617,12476.839761901616
2000,Andhra Pradesh,Nellore,2.643048128342246,3706.2086896819374
2000,Andhra Pradesh,East Godavari,2.476835545922514,11243.216184189276
2000,Haryana,Panipat,2.8641386118271424,4748.810536650079
2000,Haryana,Jind,2.881536058200038,1869.9263500367106
2000,Haryana,Fatehabad,3.0803701654947693,1803.058545566182
2000,Haryana,Kaithal,3.0527092835751053,2147.839362384558
2000,Haryana,Hisar,2.8866669743589743,3794.469776046432
2000,Haryana,Sirsa,3.2512262111543104,1063.1920970978922
2000,Haryana,Gurgaon,2.939226083066492,13911.719063302646
2000,Haryana,Kurukshetra,3.098384049327353,4762.541072221006
2000,Haryana,Panchkula,2.9804281736806946,2794.826014970134
2000,Haryana,Faridabad,2.8875331377183966,12015.921435539922
2000,Haryana,Jhajjar,2.8456892163742684,2136.8017445179235
2000,Haryana,Karnal,2.928863816593886,4378.894534457752
2000,Haryana,Yamunanagar,3.063207588235294,1973.871887312835
2000,Haryana,Sonipat,2.8640924345673184,3997.665665726957
2000,Haryana,Mahendragarh,2.935655195032199,2188.4407183035496
2000,Haryana,Rohtak,2.8958868302104355,2735.7861408796384
2000,Haryana,Bhiwani,2.8214943727353727,3054.2891779739807
2000,Haryana,Ambala,3.1622916131260794,3585.773800334629
2000,Haryana,Rewari,2.8670329047619045,3671.503433968744
2000,Himachal Pradesh,Bilaspur,2.8154188287620463,1485.5677246700338
2000,Himachal Pradesh,Kinnaur,2.7782608695652176,709.4083758313251
2000,Himachal Pradesh,Kangra,2.8527486910994764,1167.9037527638793
2000,Himachal Pradesh,Solan,2.87218045112782,2259.673179510787
2000,Himachal Pradesh,Kullu,2.736235595390525,1323.6547815463173
2000,Himachal Pradesh,Shimla,2.7841121495327097,1535.9259446135754
2000,Himachal Pradesh,Hamirpur,2.7848314606741567,3903.521131641595
2000,Himachal Pradesh,Mandi,2.718052738336714,1959.6169940009509
2000,Himachal Pradesh,Sirmaur,2.886094674556213,1750.8848676777714
2000,Himachal Pradesh,Chamba,2.7437070938215102,990.6031434167506
2000,Himachal Pradesh,Una,2.9020568070519097,1206.7821622414058
2000,Madhya Pradesh,Datia,2.9462740490928496,748.8953118383464
2000,Madhya Pradesh,Narsinghpur,2.9942149037863537,2427.1500309463518
2000,Madhya Pradesh,Damoh,2.9189379117920153,1308.14909465175
2000,Madhya Pradesh,Mandsaur,3.1231599491833038,2021.6925844172488
2000,Madhya Pradesh,Dindori,3.0616180481540933,314.2541220732968
2000,Madhya Pradesh,Shahdol,2.952540902912621,1864.4844205878821
2000,Madhya Pradesh,Khandwa,2.9142361590249566,2052.4891127303245
2000,Madhya Pradesh,Harda,2.9542111667741247,946.1670276850842
2000,Madhya Pradesh,Ratlam,2.9080471424587,1681.3956844570525
2000,Madhya Pradesh,Sidhi,2.9368866189634213,2591.547905507235
2000,Madhya Pradesh,Morena,2.8931752039473686,1941.1546677417655
2000,Madhya Pradesh,Tikamgarh,2.9907445716330674,921.4300055057852
2000,Madhya Pradesh,Chhindwara,3.056112747568448,2149.9621901950823
2000,Madhya Pradesh,Indore,2.8853938498659515,8045.9551904937525
2000,Madhya Pradesh,Satna,2.9059887609000468,1857.5004912413517
2000,Madhya Pradesh,Bhopal,2.8255849281444823,2646.478208326487
2000,Madhya Pradesh,Katni,2.880767583051452,1636.6502553159296
2000,Madhya Pradesh,Panna,2.855834085482393,718.3132544798567
2000,Madhya Pradesh,Bhind,2.9587208083894354,1643.4064553647077
2000,Madhya Pradesh,Mandla,2.883576126171143,361.5125564161198
2000,Madhya Pradesh,Sheopur,3.02516987987235,789.8831886842174
2000,Madhya Pradesh,Khargone,2.9174314507042256,853.7537057361316
2000,Madhya Pradesh,Ujjain,2.9038987722882204,2467.8645026095355
2000,Madhya Pradesh,Balaghat,2.9992235039524355,919.8743397306114
2000,Madhya Pradesh,Betul,2.962014977767545,1169.287777516897
2000,Madhya Pradesh,Sagar,2.8952360444320635,1550.3513593218465
2000,Madhya Pradesh,Sehore,2.8955737783827384,1731.045140224902
2000,Madhya Pradesh,Raisen,2.9041545970993985,1858.449642848069
2000,Madhya Pradesh,Guna,2.928218946658675,1829.5857284521067
2000,Madhya Pradesh,Chhatarpur,2.9696186496666384,947.7112948615573
2000,Madhya Pradesh,Barwani,2.863441564034966,1101.4665536446316
2000,Madhya Pradesh,Shajapur,2.9516513734439838,1772.4217541988519
2000,Madhya Pradesh,Seoni,2.998639244154203,1268.7233899958435
2000,Madhya Pradesh,Shivpuri,2.919383230326296,1672.1343944255896
2000,Madhya Pradesh,Jabalpur,2.8615294842018506,3047.096313439027
2000,Madhya Pradesh,Neemuch,2.9946873640167366,1770.6659035342095
2000,Madhya Pradesh,Jhabua,2.7400988199941647,615.9335541221343
2000,Madhya Pradesh,Dhar,2.8871365100117785,2081.549615011808
2000,Madhya Pradesh,Rajgarh,2.9551349459824436,974.9890647663186
2000,Madhya Pradesh,Vidisha,2.9460710500180785,1497.174804475854
2000,Madhya Pradesh,Gwalior,2.923641484231944,2244.7358192023557
2000,Madhya Pradesh,Umaria,2.912185746244807,430.1782068025641
2000,Madhya Pradesh,Hoshangabad,2.904542097321308,948.3694583622197
2000,Madhya Pradesh,Rewa,2.956800585207777,1671.1764155990738
2000,Madhya Pradesh,Dewas,2.8984847162940546,1731.0262448338376
2000,Manipur,Tamenglong,3.0308755540069683,346.5034323212346
2000,Manipur,Senapati,1.8070100632911392,841.9015387844247
2000,Manipur,Chandel,2.00628815503876,558.1547236527281
2000,Manipur,Imphal West,2.5717547110560544,1486.9045198061738
2000,Manipur,Bishnupur,2.434025,1504.5963569808416
2000,Manipur,Churachandpur,2.672200483699773,789.2626418301112
2000,Manipur,Imphal East,2.611105090128756,1712.9415118545887
2000,Manipur,Ukhrul,2.0284712947202523,712.9513995981787
2000,Manipur,Thoubal,2.2921742222222217,1443.8350108893858
2000,Meghalaya,East Garo Hills,2.372669801541426,325.87859474305014
2000,Meghalaya,West Garo Hills,2.5909349031230082,635.2879927116651
2000,Meghalaya,South Garo Hills,2.464771929546455,675.9091119781356
2000,Meghalaya,East Jaintia Hills,2.509945277803629,1053.032802116568
2000,Meghalaya,West Khasi Hills,2.867750689991144,651.7751607131165
2000,Meghalaya,Ri Bhoi,2.6096331833197937,825.3157260491016
2000,Meghalaya,East Khasi Hills,2.967280505345688,1897.0645384688814
2000,Mizoram,Mamit,3.636363636363636,409.58058845802213
2000,Mizoram,Lawngtlai,2.3461538461538463,325.3870080650597
2000,Mizoram,Lunglei,2.558558558558558,728.8789254985687
2000,Mizoram,Aizawl,3.375,828.2940117583577
2000,Mizoram,Saiha,1.9608247422680407,547.0800093384124
2000,Mizoram,Serchhip,3.0,843.5960227919783
2000,Mizoram,Kolasib,3.117750439367311,558.2278399443647
2000,Mizoram,Champhai,3.8222591362126246,482.5695459445624
2000,Uttar Pradesh,Shahjahanpur,2.9290612052456946,1541.7546535457484
2000,Uttar Pradesh,Moradabad,2.7355222686806493,2704.077747780907
2000,Uttar Pradesh,Chitrakoot,2.897604622168728,358.58851263806605
2000,Uttar Pradesh,Pilibhit,2.8492910079522864,1795.7518472653794
2000,Uttar Pradesh,Etah,2.769901973171112,1979.7627476238529
2000,Uttar Pradesh,Auraiyya,2.765619409326425,1831.0841764445026
2000,Uttar Pradesh,Kanpur Rural,2.7400587522947983,1172.8670367805769
2000,Uttar Pradesh,Unnao,2.878704157676349,1146.3999710831442
2000,Uttar Pradesh,Sultanpur,2.86180518492344,1099.3944977710078
2000,Uttar Pradesh,Faizabad,2.774361,952.7273117989032
2000,Uttar Pradesh,Mau,2.4592834545454547,1677.3993699463879
2000,Uttar Pradesh,Jhansi,2.9179789777143883,1652.6240813408149
2000,Uttar Pradesh,Hardoi,2.947231807504078,1174.5581998709145
2000,Uttar Pradesh,Kannauj,2.8341141190476185,1152.4789232834605
2000,Uttar Pradesh,Aligarh,2.8601296778667713,2805.7077648357354
2000,Uttar Pradesh,Ghaziabad,2.84284052762622,6406.414258704434
2000,Uttar Pradesh,Kaushambi,2.747940286883648,530.583128676229
2000,Uttar Pradesh,Mathura,2.8260770302267004,1176.174766616843
2000,Uttar Pradesh,Farrukhabad,2.8305458252812707,1907.9881208623551
2000,Uttar Pradesh,Hamirpur,2.8517607630676367,3903.521131641595
2000,Uttar Pradesh,Sitapur,2.915346672286617,735.6289938296907
2000,Uttar Pradesh,Bulandshahr,2.8813207624258625,2366.933791768782
2000,Uttar Pradesh,Pratapgarh,2.7290670172805824,1551.9971578712075
2000,Uttar Pradesh,Meerut,2.8081661771544844,4875.420530634824
2000,Uttar Pradesh,Agra,2.7626762739045327,3119.0787884014026
2000,Uttar Pradesh,Mainpuri,2.850206526590407,1410.4585860830452
2000,Uttar Pradesh,Rampur,2.9139258175874465,1882.644933792479
2000,Uttar Pradesh,Gautam Buddh Nagar,2.8511662699003613,3047.2626232613347
2000,Uttar Pradesh,Allahabad,2.791313784332845,4561.91783941071
2000,Uttar Pradesh,Saharanpur,2.791130633920992,2808.8180409586107
2000,Uttar Pradesh,Bijnor,2.8352224082010937,2983.215720189557
2000,Uttar Pradesh,Kheri,2.926584134106753,2047.83431162382
2000,Uttar Pradesh,Fatehpur,2.920374859872612,1259.5128125045674
2000,Uttar Pradesh,Lucknow,2.827893606060606,4872.015741447771
2000,Uttar Pradesh,Kanpur Urban,2.7799516141582,4426.761582793357
2000,Uttar Pradesh,Barabanki,2.8108971807580176,857.6487043783751
2000,Uttar Pradesh,Firozabad,2.8240189718875497,1497.7387319387258
2000,Uttar Pradesh,Muzaffarnagar,2.764439397512169,4292.783109533737
2000,Uttar Pradesh,Jalaun,2.8787143116883125,1656.6337014469684
2000,Uttar Pradesh,Rae Bareli,2.87494148493798,878.5419012481822
2000,Uttar Pradesh,Mahoba,2.9735704786324786,539.2962167392509
2000,Uttar Pradesh,Bagpat,2.7812630011123467,1131.2035814256822
2000,Uttar Pradesh,Lalitpur,3.0347194847866734,510.56365878014367
2000,Uttar Pradesh,Bareilly,2.8055991493665267,2294.4705302839693
2000,Uttarakhand,Pauri Garhwal,2.8984105044920527,540.9517583107022
2000,Uttarakhand,Dehradun,2.8388400285238884,1893.4648174131928
2000,Uttarakhand,Chamoli,2.814232,419.0869394731994
2000,Uttarakhand,Nainital,2.8464646464646464,2214.9825836092446
2000,Uttarakhand,Bageshwar,2.8059405940594058,301.7451006742872
2000,Uttarakhand,Uttarkashi,3.0,460.4649981415585
2000,Uttarakhand,Udham Singh Nagar,2.9311270125223614,1904.7522782380436
