Year,State,District,AvgSyllabicCount,In-migrants
1972 - 1976,Andhra Pradesh,Anantapur,2.7026377785999998,94610
1972 - 1976,Andhra Pradesh,Chittoor,2.4401870212,92295
1972 - 1976,Andhra Pradesh,East Godavari,3.6241104608,164240
1972 - 1976,Andhra Pradesh,Guntur,3.3987772279999997,129068
1972 - 1976,Andhra Pradesh,Kadapa,2.6150674384000006,65472
1972 - 1976,Andhra Pradesh,Krishna,3.3565069106000003,130104
1972 - 1976,Andhra Pradesh,Kurnool,2.4616515156,83182
1972 - 1976,Andhra Pradesh,Nellore,2.6070123118,77552
1972 - 1976,Andhra Pradesh,Prakasam,2.7750469231999997,68955
1972 - 1976,Andhra Pradesh,Srikakulam,2.6692459586000004,59316
1972 - 1976,Andhra Pradesh,Visakhapatnam,3.2731178352,113779
1972 - 1976,Andhra Pradesh,Vizianagaram,2.687674642,55850
1972 - 1976,Andhra Pradesh,West Godavari,3.5757492704,134972
1972 - 1976,Arunachal Pradesh,Changlang,2.1540694984,4485
1972 - 1976,Arunachal Pradesh,Dibang Valley,2.1263034358,2337
1972 - 1976,Arunachal Pradesh,East Kameng,1.8949517426,1199
1972 - 1976,Arunachal Pradesh,East Siang,2.0490146080000002,1916
1972 - 1976,Arunachal Pradesh,Lohit,2.3237737736,5247
1972 - 1976,Arunachal Pradesh,Lower Subansiri,1.8299549146,5918
1972 - 1976,Arunachal Pradesh,Papum Pare,2.0324349102,5918
1972 - 1976,Arunachal Pradesh,Tawang,1.8747211044,932
1972 - 1976,Arunachal Pradesh,Tirap,2.0335986098,2414
1972 - 1976,Arunachal Pradesh,Upper Subansiri,1.8808012118,996
1972 - 1976,Arunachal Pradesh,West Kameng,1.9125868964,2670
1972 - 1976,Arunachal Pradesh,West Siang,1.9030589156,2977
1972 - 1976,Chandigarh,Chandigarh,2.0750371376494945,48877
1972 - 1976,Dadra And Nagar Haveli,Dadra And Nagar Haveli,2.27323234984489,3964
1972 - 1976,Daman And Diu,Daman,2.328583300783084,1703
1972 - 1976,Daman And Diu,Diu,2.346617521589503,833
1972 - 1976,Goa,North Goa,2.4609979016,31868
1972 - 1976,Goa,South Goa,2.4985451572,28785
1972 - 1976,Haryana,Ambala,2.329701270306816,38199
1972 - 1976,Haryana,Bhiwani,2.232838388481344,34050
1972 - 1976,Haryana,Faridabad,2.162708303230486,69328
1972 - 1976,Haryana,Gurgaon,2.1640984516020803,37675
1972 - 1976,Haryana,Hisar,2.1716645095918428,66125
1972 - 1976,Haryana,Jind,2.259305337599569,29179
1972 - 1976,Haryana,Kaithal,2.3321966447067006,26631
1972 - 1976,Haryana,Karnal,2.248939973356704,27029
1972 - 1976,Haryana,Kurukshetra,2.3897652961939966,22939
1972 - 1976,Haryana,Mahendragarh,2.2368145718729053,20507
1972 - 1976,Haryana,Panipat,2.2229027774785943,31568
1972 - 1976,Haryana,Rewari,2.1541567885752104,19018
1972 - 1976,Haryana,Rohtak,2.1585479768706684,59381
1972 - 1976,Haryana,Sirsa,2.3730267534247576,34794
1972 - 1976,Haryana,Sonipat,2.198044196619945,23878
1972 - 1976,Haryana,Yamunanagar,2.29629823796743,27501
1972 - 1976,Himachal Pradesh,Bilaspur,1.9669886328525903,10841
1972 - 1976,Himachal Pradesh,Chamba,1.8644984682573185,11627
1972 - 1976,Himachal Pradesh,Hamirpur,2.0883130750494905,13798
1972 - 1976,Himachal Pradesh,Kangra,2.049278533573343,49211
1972 - 1976,Himachal Pradesh,Kinnaur,1.9851183230601488,2555
1972 - 1976,Himachal Pradesh,Kullu,1.7996229760766755,7646
1972 - 1976,Himachal Pradesh,Lahaul And Spiti,2.059466412880857,771
1972 - 1976,Himachal Pradesh,Mandi,1.8865635451594012,25968
1972 - 1976,Himachal Pradesh,Shimla,1.937691892978032,21690
1972 - 1976,Himachal Pradesh,Sirmaur,2.01035034711276,13476
1972 - 1976,Himachal Pradesh,Solan,1.9433478120441638,15711
1972 - 1976,Himachal Pradesh,Una,2.1934826158112823,14805
1972 - 1976,Madhya Pradesh,Balaghat,2.3540344027930025,44841
1972 - 1976,Madhya Pradesh,Betul,2.195545080631544,36026
1972 - 1976,Madhya Pradesh,Bhind,2.339182950510417,40185
1972 - 1976,Madhya Pradesh,Bhopal,2.132363802336237,62328
1972 - 1976,Madhya Pradesh,Chhatarpur,2.103026308341972,33883
1972 - 1976,Madhya Pradesh,Chhindwara,2.2368082090650026,47814
1972 - 1976,Madhya Pradesh,Damoh,2.2992493106807568,30423
1972 - 1976,Madhya Pradesh,Datia,2.1486561375642657,10621
1972 - 1976,Madhya Pradesh,Dewas,2.2565511372455944,38116
1972 - 1976,Madhya Pradesh,Dhar,2.1498202168387905,45258
1972 - 1976,Madhya Pradesh,Guna,2.1879024032832217,40661
1972 - 1976,Madhya Pradesh,Gwalior,2.2636999441705767,36918
1972 - 1976,Madhya Pradesh,Hoshangabad,2.277678307613112,44001
1972 - 1976,Madhya Pradesh,Indore,2.22215591692493,53836
1972 - 1976,Madhya Pradesh,Jabalpur,1.9829361363572844,88721
1972 - 1976,Madhya Pradesh,Jhabua,1.8522198041443123,30904
1972 - 1976,Madhya Pradesh,Khandwa,2.244844661280444,48649
1972 - 1976,Madhya Pradesh,Khargone,2.1701868179395323,58688
1972 - 1976,Madhya Pradesh,Mandla,2.01643642089068,34907
1972 - 1976,Madhya Pradesh,Mandsaur,2.3165588027006074,49722
1972 - 1976,Madhya Pradesh,Morena,2.363170350951669,56547
1972 - 1976,Madhya Pradesh,Narsinghpur,2.0426335616353613,22104
1972 - 1976,Madhya Pradesh,Panna,2.1985032647175147,21035
1972 - 1976,Madhya Pradesh,Raisen,2.2859014496082763,31991
1972 - 1976,Madhya Pradesh,Rajgarh,2.2439602566676777,30103
1972 - 1976,Madhya Pradesh,Ratlam,2.2374137588533016,32809
1972 - 1976,Madhya Pradesh,Rewa,2.4570923549323065,44470
1972 - 1976,Madhya Pradesh,Sagar,2.3798901106615333,54715
1972 - 1976,Madhya Pradesh,Satna,1.996143676017195,46828
1972 - 1976,Madhya Pradesh,Sehore,2.2969449169586222,24237
1972 - 1976,Madhya Pradesh,Seoni,2.2335369564486696,34668
1972 - 1976,Madhya Pradesh,Shahdol,2.2030834787396882,63509
1972 - 1976,Madhya Pradesh,Shajapur,2.41137528955071,32074
1972 - 1976,Madhya Pradesh,Shivpuri,2.300338460118129,32339
1972 - 1976,Madhya Pradesh,Sidhi,2.595765929372651,47611
1972 - 1976,Madhya Pradesh,Tikamgarh,2.2418954537481985,27421
1972 - 1976,Madhya Pradesh,Ujjain,2.3501701270826376,48972
1972 - 1976,Madhya Pradesh,Vidisha,2.18713857946441,35001
1972 - 1976,Manipur,Bishnupur,2.5564048446000003,1466
1972 - 1976,Manipur,Chandel,2.526345977,1500
1972 - 1976,Manipur,Churachandpur,2.6933116046000003,1699
1972 - 1976,Manipur,Imphal West,2.5723727282,4382
1972 - 1976,Manipur,Senapati,2.2951109692,1114
1972 - 1976,Manipur,Tamenglong,2.986834052,351
1972 - 1976,Manipur,Thoubal,2.572908843,838
1972 - 1976,Manipur,Ukhrul,2.5229849642,345
1972 - 1976,Meghalaya,East Garo Hills,2.3651101566751103,2120
1972 - 1976,Meghalaya,East Khasi Hills,2.445620383706826,10169
1972 - 1976,Meghalaya,West Garo Hills,2.430094257507064,8468
1972 - 1976,Meghalaya,West Jaintia Hills,2.1129946421946086,3510
1972 - 1976,Meghalaya,West Khasi Hills,2.4947898744037698,2083
1972 - 1976,Mizoram,Aizawl,3.583816625,7401
1972 - 1976,Mizoram,Lawngtlai,2.9055122918,2164
1972 - 1976,Mizoram,Lunglei,3.3433249202,7316
1972 - 1976,Nagaland,Kohima,2.9076168511647618,10466
1972 - 1976,Nagaland,Mokokchung,3.620013815075663,1442
1972 - 1976,Nagaland,Mon,1.954844748262002,648
1972 - 1976,Nagaland,Phek,2.9803947882892787,465
1972 - 1976,Nagaland,Tuensang,2.377937912736012,1178
1972 - 1976,Nagaland,Wokha,2.8190629361293102,933
1972 - 1976,Nagaland,Zunheboto,2.8257707906532934,395
1972 - 1976,Puducherry,Karaikal,3.4311085792,5562
1972 - 1976,Puducherry,Mahe,2.5309570809999995,1154
1972 - 1976,Puducherry,Puducherry,3.3543163906,20184
1972 - 1976,Puducherry,Yanam,3.0583176034000004,922
1972 - 1976,Uttar Pradesh,Agra,2.468644383561584,61037
1972 - 1976,Uttar Pradesh,Aligarh,2.649240354228721,64612
1972 - 1976,Uttar Pradesh,Allahabad,2.5757547732838755,115103
1972 - 1976,Uttar Pradesh,Badaun,2.537726037392366,54310
1972 - 1976,Uttar Pradesh,Banda,2.644322327958103,47724
1972 - 1976,Uttar Pradesh,Barabanki,2.436010734188605,42698
1972 - 1976,Uttar Pradesh,Bareilly,2.4457655342634017,68880
1972 - 1976,Uttar Pradesh,Bijnor,2.4402837380763573,60152
1972 - 1976,Uttar Pradesh,Bulandshahr,2.4657895664393035,36684
1972 - 1976,Uttar Pradesh,Etah,2.6066933026071357,58658
1972 - 1976,Uttar Pradesh,Etawah,2.8711607848096268,39605
1972 - 1976,Uttar Pradesh,Faizabad,2.5678630659204256,66008
1972 - 1976,Uttar Pradesh,Farrukhabad,2.6598463508845342,44539
1972 - 1976,Uttar Pradesh,Fatehpur,2.4124257237658826,56199
1972 - 1976,Uttar Pradesh,Firozabad,2.573075301967477,44232
1972 - 1976,Uttar Pradesh,Ghaziabad,2.2799538568672415,46102
1972 - 1976,Uttar Pradesh,Hamirpur,2.572282701677292,31019
1972 - 1976,Uttar Pradesh,Hardoi,2.4037646854185115,71231
1972 - 1976,Uttar Pradesh,Jalaun,2.4457892109067503,27690
1972 - 1976,Uttar Pradesh,Jhansi,2.5148261265644125,41880
1972 - 1976,Uttar Pradesh,Kanpur Rural,2.421474529504441,44909
1972 - 1976,Uttar Pradesh,Kanpur Urban,2.2519571781067893,46289
1972 - 1976,Uttar Pradesh,Kheri,2.3680094917712347,40060
1972 - 1976,Uttar Pradesh,Lalitpur,2.7310616879349663,16876
1972 - 1976,Uttar Pradesh,Lucknow,2.1412646106380624,71801
1972 - 1976,Uttar Pradesh,Mainpuri,2.687507351282385,33783
1972 - 1976,Uttar Pradesh,Mathura,2.381573535433296,49053
1972 - 1976,Uttar Pradesh,Mau,2.672293930869767,31736
1972 - 1976,Uttar Pradesh,Meerut,2.445982758568126,58883
1972 - 1976,Uttar Pradesh,Moradabad,2.373036608803168,60991
1972 - 1976,Uttar Pradesh,Muzaffarnagar,2.5766091330021874,74139
1972 - 1976,Uttar Pradesh,Pilibhit,2.628185301763375,30893
1972 - 1976,Uttar Pradesh,Pratapgarh,2.687439585096896,59356
1972 - 1976,Uttar Pradesh,Rae Bareli,2.3238042417089653,56524
1972 - 1976,Uttar Pradesh,Rampur,2.4436294490472905,29520
1972 - 1976,Uttar Pradesh,Saharanpur,2.573852819612213,53804
1972 - 1976,Uttar Pradesh,Shahjahanpur,2.6521856984765613,39632
1972 - 1976,Uttar Pradesh,Sitapur,2.5012665619327117,69289
1972 - 1976,Uttar Pradesh,Sultanpur,2.678385761336071,62180
1972 - 1976,Uttar Pradesh,Unnao,2.277328742649668,60656
1972 - 1976,Uttarakhand,Chamoli,2.1263699242,11779
1972 - 1976,Uttarakhand,Dehradun,2.0558884974,40564
1972 - 1976,Uttarakhand,Haridwar,2.2664841953999995,37272
1972 - 1976,Uttarakhand,Nainital,1.9623184956,68997
1972 - 1976,Uttarakhand,Pauri Garhwal,2.1196849846,13187
1972 - 1976,Uttarakhand,Uttarkashi,2.1824680546,5086
1977 - 1981,Andhra Pradesh,Anantapur,3.3589911764000018,107593
1977 - 1981,Andhra Pradesh,Chittoor,3.0780424502,108662
1977 - 1981,Andhra Pradesh,East Godavari,3.5265816944,181680
1977 - 1981,Andhra Pradesh,Guntur,3.3011927433999997,155231
1977 - 1981,Andhra Pradesh,Kadapa,2.6430945562000003,73423
1977 - 1981,Andhra Pradesh,Krishna,3.2279656134,157118
1977 - 1981,Andhra Pradesh,Kurnool,2.5178231642,98904
1977 - 1981,Andhra Pradesh,Nellore,2.6244775468,88358
1977 - 1981,Andhra Pradesh,Prakasam,2.7865355404,78682
1977 - 1981,Andhra Pradesh,Srikakulam,2.7067685114,73331
1977 - 1981,Andhra Pradesh,Visakhapatnam,3.2238526108000003,142488
1977 - 1981,Andhra Pradesh,Vizianagaram,2.7433399682,62801
1977 - 1981,Andhra Pradesh,West Godavari,3.4924920358,155044
1977 - 1981,Arunachal Pradesh,Changlang,2.1559817114000004,5155
1977 - 1981,Arunachal Pradesh,Dibang Valley,2.1118083196,2779
1977 - 1981,Arunachal Pradesh,East Kameng,1.898980506,788
1977 - 1981,Arunachal Pradesh,East Siang,2.0338450148,2435
1977 - 1981,Arunachal Pradesh,Lohit,2.3076538988000004,9387
1977 - 1981,Arunachal Pradesh,Lower Subansiri,1.8160626119999999,7339
1977 - 1981,Arunachal Pradesh,Papum Pare,2.0342294034,7339
1977 - 1981,Arunachal Pradesh,Tawang,1.890404375,1375
1977 - 1981,Arunachal Pradesh,Tirap,2.0085017788,2576
1977 - 1981,Arunachal Pradesh,Upper Subansiri,1.8800105842,1320
1977 - 1981,Arunachal Pradesh,West Kameng,1.9379512363999998,2953
1977 - 1981,Arunachal Pradesh,West Siang,1.8934997913999998,3306
1977 - 1981,Chandigarh,Chandigarh,2.478472345520629,60608
1977 - 1981,Dadra And Nagar Haveli,Dadra And Nagar Haveli,2.2974244850078023,5179
1977 - 1981,Daman And Diu,Daman,2.3260243658610285,2182
1977 - 1981,Daman And Diu,Diu,2.354183818876073,977
1977 - 1981,Goa,North Goa,2.4135573894,37971
1977 - 1981,Goa,South Goa,2.4538339094,31726
1977 - 1981,Haryana,Ambala,2.357783213852336,42423
1977 - 1981,Haryana,Bhiwani,2.190959122591557,41558
1977 - 1981,Haryana,Faridabad,2.573645980694938,83390
1977 - 1981,Haryana,Gurgaon,2.1594444821119056,41877
1977 - 1981,Haryana,Hisar,2.3395296514151385,76676
1977 - 1981,Haryana,Jind,2.285792151847855,39103
1977 - 1981,Haryana,Kaithal,2.37942957678089,29645
1977 - 1981,Haryana,Karnal,2.2744324221064307,36276
1977 - 1981,Haryana,Kurukshetra,2.395156121934579,26850
1977 - 1981,Haryana,Mahendragarh,2.1894142294201218,25949
1977 - 1981,Haryana,Panipat,2.1826332939352526,35243
1977 - 1981,Haryana,Rewari,2.1746839686214643,23352
1977 - 1981,Haryana,Rohtak,2.3137081955034935,64113
1977 - 1981,Haryana,Sirsa,2.4336490293804536,43851
1977 - 1981,Haryana,Sonipat,2.1861426940238102,31373
1977 - 1981,Haryana,Yamunanagar,2.2868711693376804,35750
1977 - 1981,Himachal Pradesh,Bilaspur,1.9840325693844243,11938
1977 - 1981,Himachal Pradesh,Chamba,1.933939030229763,12896
1977 - 1981,Himachal Pradesh,Hamirpur,2.0317384983653297,17175
1977 - 1981,Himachal Pradesh,Kangra,2.356189140201188,60974
1977 - 1981,Himachal Pradesh,Kinnaur,1.9639634129129533,3806
1977 - 1981,Himachal Pradesh,Kullu,1.8182840968795824,9384
1977 - 1981,Himachal Pradesh,Lahaul And Spiti,2.1065144038908192,885
1977 - 1981,Himachal Pradesh,Mandi,1.9069224377835965,28594
1977 - 1981,Himachal Pradesh,Shimla,1.967989593402488,28108
1977 - 1981,Himachal Pradesh,Sirmaur,2.0443625420307643,15384
1977 - 1981,Himachal Pradesh,Solan,2.030590741605315,16996
1977 - 1981,Himachal Pradesh,Una,2.187646885895973,16921
1977 - 1981,Madhya Pradesh,Balaghat,2.338504437558736,49132
1977 - 1981,Madhya Pradesh,Betul,2.252375777196877,39323
1977 - 1981,Madhya Pradesh,Bhind,2.298978958714487,43131
1977 - 1981,Madhya Pradesh,Bhopal,2.337402948219388,72677
1977 - 1981,Madhya Pradesh,Chhatarpur,2.20266966542885,37808
1977 - 1981,Madhya Pradesh,Chhindwara,2.428978502108533,55930
1977 - 1981,Madhya Pradesh,Damoh,2.3490423508927387,36670
1977 - 1981,Madhya Pradesh,Datia,2.1547864847587754,14688
1977 - 1981,Madhya Pradesh,Dewas,2.2729449048206094,49445
1977 - 1981,Madhya Pradesh,Dhar,2.4080268059303247,50278
1977 - 1981,Madhya Pradesh,Guna,2.2162908107674504,46453
1977 - 1981,Madhya Pradesh,Gwalior,2.248203948402672,49929
1977 - 1981,Madhya Pradesh,Hoshangabad,2.306485476305335,50100
1977 - 1981,Madhya Pradesh,Indore,2.356645151132323,72961
1977 - 1981,Madhya Pradesh,Jabalpur,2.6076498646020188,108028
1977 - 1981,Madhya Pradesh,Jhabua,1.8614862368067784,34269
1977 - 1981,Madhya Pradesh,Khandwa,2.4361533868798073,59613
1977 - 1981,Madhya Pradesh,Khargone,2.5865574608809676,74539
1977 - 1981,Madhya Pradesh,Mandla,2.101964323347004,42002
1977 - 1981,Madhya Pradesh,Mandsaur,2.4900654357154197,64430
1977 - 1981,Madhya Pradesh,Morena,2.340802579843737,62557
1977 - 1981,Madhya Pradesh,Narsinghpur,2.1709053226547863,31066
1977 - 1981,Madhya Pradesh,Panna,2.1919475409603275,26374
1977 - 1981,Madhya Pradesh,Raisen,2.287882226557827,35823
1977 - 1981,Madhya Pradesh,Rajgarh,2.2976842669503164,36819
1977 - 1981,Madhya Pradesh,Ratlam,2.276525631342225,42296
1977 - 1981,Madhya Pradesh,Rewa,2.3906152414555817,53111
1977 - 1981,Madhya Pradesh,Sagar,2.3435302789524584,63383
1977 - 1981,Madhya Pradesh,Satna,2.4925132209797742,52878
1977 - 1981,Madhya Pradesh,Sehore,2.2450825118118494,26970
1977 - 1981,Madhya Pradesh,Seoni,2.2420885934640915,37534
1977 - 1981,Madhya Pradesh,Shahdol,2.5130090688883455,78228
1977 - 1981,Madhya Pradesh,Shajapur,2.3855497930735057,42901
1977 - 1981,Madhya Pradesh,Shivpuri,2.275885822472824,37719
1977 - 1981,Madhya Pradesh,Sidhi,2.507353478387569,55878
1977 - 1981,Madhya Pradesh,Tikamgarh,2.2817789879978205,36231
1977 - 1981,Madhya Pradesh,Ujjain,2.4241080533370547,53167
1977 - 1981,Madhya Pradesh,Vidisha,2.2252902327858184,38267
1977 - 1981,Manipur,Bishnupur,2.5482203300000004,1581
1977 - 1981,Manipur,Chandel,2.4832115588000003,1973
1977 - 1981,Manipur,Churachandpur,2.6955276412000004,2321
1977 - 1981,Manipur,Imphal West,2.5646263306,6114
1977 - 1981,Manipur,Senapati,2.3334157398,1290
1977 - 1981,Manipur,Tamenglong,2.9893375662,379
1977 - 1981,Manipur,Thoubal,2.5644675094,890
1977 - 1981,Manipur,Ukhrul,2.4953000424000003,351
1977 - 1981,Meghalaya,East Garo Hills,2.388508443317523,2971
1977 - 1981,Meghalaya,East Khasi Hills,2.50919084807037,10858
1977 - 1981,Meghalaya,West Garo Hills,2.4335087154062145,11056
1977 - 1981,Meghalaya,West Jaintia Hills,2.1797118493534056,4116
1977 - 1981,Meghalaya,West Khasi Hills,2.5880932184820784,2782
1977 - 1981,Mizoram,Aizawl,3.5826093986000003,9772
1977 - 1981,Mizoram,Lawngtlai,2.9266718631999997,2562
1977 - 1981,Mizoram,Lunglei,3.3765316562,8009
1977 - 1981,Nagaland,Kohima,2.930458341889002,11190
1977 - 1981,Nagaland,Mokokchung,3.621670063494951,1604
1977 - 1981,Nagaland,Mon,1.947943226735832,692
1977 - 1981,Nagaland,Phek,2.9433854414627083,605
1977 - 1981,Nagaland,Tuensang,2.4103932288380974,1411
1977 - 1981,Nagaland,Wokha,2.799085413763792,1183
1977 - 1981,Nagaland,Zunheboto,2.88298835060931,422
1977 - 1981,Puducherry,Karaikal,3.3891623964,6428
1977 - 1981,Puducherry,Mahe,2.5613436312,1440
1977 - 1981,Puducherry,Puducherry,3.3429719469999997,23276
1977 - 1981,Puducherry,Yanam,3.0436540736,1095
1977 - 1981,Uttar Pradesh,Agra,2.323581025572495,69494
1977 - 1981,Uttar Pradesh,Aligarh,2.5341676406533016,88748
1977 - 1981,Uttar Pradesh,Allahabad,2.430211790097912,138337
1977 - 1981,Uttar Pradesh,Badaun,2.528931193090496,76000
1977 - 1981,Uttar Pradesh,Banda,2.574340945614241,53253
1977 - 1981,Uttar Pradesh,Barabanki,2.3539891118752982,46972
1977 - 1981,Uttar Pradesh,Bareilly,2.4517778569278157,74967
1977 - 1981,Uttar Pradesh,Bijnor,2.3095337337701043,72158
1977 - 1981,Uttar Pradesh,Bulandshahr,2.3969707841959877,50621
1977 - 1981,Uttar Pradesh,Etah,2.475004491018413,75966
1977 - 1981,Uttar Pradesh,Etawah,2.6532335704116514,42313
1977 - 1981,Uttar Pradesh,Faizabad,2.5869467784453644,75297
1977 - 1981,Uttar Pradesh,Farrukhabad,2.655557448763662,61647
1977 - 1981,Uttar Pradesh,Fatehpur,2.4244312114310445,63965
1977 - 1981,Uttar Pradesh,Firozabad,2.4380597774224606,49400
1977 - 1981,Uttar Pradesh,Ghaziabad,2.483424637357332,53924
1977 - 1981,Uttar Pradesh,Hamirpur,2.4631769369876366,37253
1977 - 1981,Uttar Pradesh,Hardoi,2.36408376515387,96032
1977 - 1981,Uttar Pradesh,Jalaun,2.3409689115675296,33458
1977 - 1981,Uttar Pradesh,Jhansi,2.510909881435826,51311
1977 - 1981,Uttar Pradesh,Kanpur Rural,2.2888526093416943,49523
1977 - 1981,Uttar Pradesh,Kanpur Urban,2.3054336411823595,64062
1977 - 1981,Uttar Pradesh,Kheri,2.4531785078893744,52890
1977 - 1981,Uttar Pradesh,Lalitpur,2.6535327139550944,20488
1977 - 1981,Uttar Pradesh,Lucknow,2.5803007356610768,95393
1977 - 1981,Uttar Pradesh,Mainpuri,2.329936066251584,43795
1977 - 1981,Uttar Pradesh,Mathura,2.438718964769914,66450
1977 - 1981,Uttar Pradesh,Mau,2.5110227156105496,38042
1977 - 1981,Uttar Pradesh,Meerut,2.488121538389443,77837
1977 - 1981,Uttar Pradesh,Moradabad,2.3126907208294885,67369
1977 - 1981,Uttar Pradesh,Muzaffarnagar,2.569909328790684,97105
1977 - 1981,Uttar Pradesh,Pilibhit,2.3886044580624133,43130
1977 - 1981,Uttar Pradesh,Pratapgarh,2.5563732007561346,74803
1977 - 1981,Uttar Pradesh,Rae Bareli,2.4565784900073617,75238
1977 - 1981,Uttar Pradesh,Rampur,2.4318467455595116,34475
1977 - 1981,Uttar Pradesh,Saharanpur,2.561120340261792,63362
1977 - 1981,Uttar Pradesh,Shahjahanpur,2.48687477199198,48292
1977 - 1981,Uttar Pradesh,Sitapur,2.5564134373351726,75180
1977 - 1981,Uttar Pradesh,Sultanpur,2.579974535391416,76057
1977 - 1981,Uttar Pradesh,Unnao,2.51206160075031,75203
1977 - 1981,Uttarakhand,Chamoli,2.0813811752,12804
1977 - 1981,Uttarakhand,Dehradun,2.3306239405453573,52379
1977 - 1981,Uttarakhand,Haridwar,2.2746275650000003,43061
1977 - 1981,Uttarakhand,Nainital,2.413819109271356,78290
1977 - 1981,Uttarakhand,Pauri Garhwal,2.0723665481999998,15252
1977 - 1981,Uttarakhand,Uttarkashi,2.1907320730000004,6932
1982 - 1986,Andhra Pradesh,Anantapur,3.0793711814,153749
1982 - 1986,Andhra Pradesh,Chittoor,2.9565900112,149252
1982 - 1986,Andhra Pradesh,East Godavari,3.332071337,253382
1982 - 1986,Andhra Pradesh,Guntur,3.140866462,204839
1982 - 1986,Andhra Pradesh,Kadapa,3.1068137211999995,106660
1982 - 1986,Andhra Pradesh,Krishna,3.0586983246000004,211623
1982 - 1986,Andhra Pradesh,Kurnool,2.9319487827999997,133150
1982 - 1986,Andhra Pradesh,Nellore,3.0975402152,126486
1982 - 1986,Andhra Pradesh,Prakasam,3.2188780701999997,110203
1982 - 1986,Andhra Pradesh,Srikakulam,2.3074035999504336,93641
1982 - 1986,Andhra Pradesh,Visakhapatnam,3.1029014628000007,200366
1982 - 1986,Andhra Pradesh,Vizianagaram,2.6145670217529573,84033
1982 - 1986,Andhra Pradesh,West Godavari,3.2950346260000005,212549
1982 - 1986,Arunachal Pradesh,Changlang,2.1385773372,7378
1982 - 1986,Arunachal Pradesh,Dibang Valley,2.1809259182,5815
1982 - 1986,Arunachal Pradesh,East Kameng,1.9033995486000002,1364
1982 - 1986,Arunachal Pradesh,East Siang,2.0047401876,4795
1982 - 1986,Arunachal Pradesh,Lohit,2.3042825586,15373
1982 - 1986,Arunachal Pradesh,Lower Subansiri,1.8151151316,13876
1982 - 1986,Arunachal Pradesh,Papum Pare,2.0048853284,13876
1982 - 1986,Arunachal Pradesh,Tawang,1.9059432072,1350
1982 - 1986,Arunachal Pradesh,Tirap,2.0140312124,4502
1982 - 1986,Arunachal Pradesh,Upper Subansiri,1.8987609103999998,2548
1982 - 1986,Arunachal Pradesh,West Kameng,1.928661207,3863
1982 - 1986,Arunachal Pradesh,West Siang,1.8768672154,6303
1982 - 1986,Chandigarh,Chandigarh,2.552897097648861,81936
1982 - 1986,Dadra And Nagar Haveli,Dadra And Nagar Haveli,2.292373217346838,7499
1982 - 1986,Daman And Diu,Daman,2.3032856247657927,5027
1982 - 1986,Daman And Diu,Diu,2.344795425650476,1048
1982 - 1986,Goa,North Goa,2.3626974852,50408
1982 - 1986,Goa,South Goa,2.4093593624,42613
1982 - 1986,Haryana,Ambala,2.3622415817039264,72558
1982 - 1986,Haryana,Bhiwani,2.2087016544247557,42075
1982 - 1986,Haryana,Faridabad,2.4405483285109972,107891
1982 - 1986,Haryana,Gurgaon,2.12962850138944,53114
1982 - 1986,Haryana,Hisar,2.3041941213332273,90570
1982 - 1986,Haryana,Jind,2.2628560069173798,42579
1982 - 1986,Haryana,Kaithal,2.3276835217345764,34299
1982 - 1986,Haryana,Karnal,2.2085737421060445,41872
1982 - 1986,Haryana,Kurukshetra,2.37255198315642,30705
1982 - 1986,Haryana,Mahendragarh,2.1689096663704985,26018
1982 - 1986,Haryana,Panipat,2.189533778470063,44346
1982 - 1986,Haryana,Rewari,2.1784986683429284,25393
1982 - 1986,Haryana,Rohtak,2.152298564830632,73144
1982 - 1986,Haryana,Sirsa,2.4114836802283106,50501
1982 - 1986,Haryana,Sonipat,2.169600407354941,38070
1982 - 1986,Haryana,Yamunanagar,2.3019675547072564,39032
1982 - 1986,Himachal Pradesh,Bilaspur,2.0253097858828064,14317
1982 - 1986,Himachal Pradesh,Chamba,1.9155741933012824,19651
1982 - 1986,Himachal Pradesh,Hamirpur,2.0332942287348703,20565
1982 - 1986,Himachal Pradesh,Kangra,2.066749554928013,61317
1982 - 1986,Himachal Pradesh,Kinnaur,2.0185227734061337,3788
1982 - 1986,Himachal Pradesh,Kullu,1.8698994325329288,12148
1982 - 1986,Himachal Pradesh,Lahaul And Spiti,2.157307262045356,1523
1982 - 1986,Himachal Pradesh,Mandi,1.920333376591869,35454
1982 - 1986,Himachal Pradesh,Shimla,1.982924566674279,39135
1982 - 1986,Himachal Pradesh,Sirmaur,2.0661424177763883,19933
1982 - 1986,Himachal Pradesh,Solan,2.0792734728364253,26401
1982 - 1986,Himachal Pradesh,Una,2.120100066222134,20761
1982 - 1986,Madhya Pradesh,Balaghat,2.28654664124888,59302
1982 - 1986,Madhya Pradesh,Betul,2.2248667940612896,48850
1982 - 1986,Madhya Pradesh,Bhind,2.222973112810288,53240
1982 - 1986,Madhya Pradesh,Bhopal,2.563741298443589,93023
1982 - 1986,Madhya Pradesh,Chhatarpur,2.308513804115893,41158
1982 - 1986,Madhya Pradesh,Chhindwara,2.4094404832369247,72714
1982 - 1986,Madhya Pradesh,Damoh,2.3219253548405034,47266
1982 - 1986,Madhya Pradesh,Datia,2.1691267843897406,16909
1982 - 1986,Madhya Pradesh,Dewas,2.2118446561748377,61815
1982 - 1986,Madhya Pradesh,Dhar,2.1527319095439816,67749
1982 - 1986,Madhya Pradesh,Guna,2.2424686549406694,57882
1982 - 1986,Madhya Pradesh,Gwalior,2.2621705300177277,60173
1982 - 1986,Madhya Pradesh,Hoshangabad,2.189513301360176,72580
1982 - 1986,Madhya Pradesh,Indore,2.335689080015607,95750
1982 - 1986,Madhya Pradesh,Jabalpur,2.628199406904759,129429
1982 - 1986,Madhya Pradesh,Jhabua,1.8793163056170288,44592
1982 - 1986,Madhya Pradesh,Khandwa,2.3342906076941223,78934
1982 - 1986,Madhya Pradesh,Khargone,2.5698054035865314,100017
1982 - 1986,Madhya Pradesh,Mandla,2.1850250484657776,54993
1982 - 1986,Madhya Pradesh,Mandsaur,2.5232370337786336,75370
1982 - 1986,Madhya Pradesh,Morena,2.3213074192008634,76360
1982 - 1986,Madhya Pradesh,Narsinghpur,2.2030933563463053,38004
1982 - 1986,Madhya Pradesh,Panna,2.220528890671749,30366
1982 - 1986,Madhya Pradesh,Raisen,2.2509968132047597,46413
1982 - 1986,Madhya Pradesh,Rajgarh,2.27394384968123,38744
1982 - 1986,Madhya Pradesh,Ratlam,2.213355854799149,47921
1982 - 1986,Madhya Pradesh,Rewa,2.3467143417067646,57485
1982 - 1986,Madhya Pradesh,Sagar,2.340039382214054,82132
1982 - 1986,Madhya Pradesh,Satna,2.172560497167228,59810
1982 - 1986,Madhya Pradesh,Sehore,2.200532268519181,37343
1982 - 1986,Madhya Pradesh,Seoni,2.2670232733185225,50859
1982 - 1986,Madhya Pradesh,Shahdol,2.453333366170879,90445
1982 - 1986,Madhya Pradesh,Shajapur,2.319502420220211,47822
1982 - 1986,Madhya Pradesh,Shivpuri,2.2811626012134782,38169
1982 - 1986,Madhya Pradesh,Sidhi,2.4599820526740657,72424
1982 - 1986,Madhya Pradesh,Tikamgarh,2.3327616748120823,36097
1982 - 1986,Madhya Pradesh,Ujjain,2.262723725516076,70251
1982 - 1986,Madhya Pradesh,Vidisha,2.2220405888132087,48695
1982 - 1986,Manipur,Bishnupur,2.547276901,1567
1982 - 1986,Manipur,Chandel,2.5366396894000003,2464
1982 - 1986,Manipur,Churachandpur,2.7028257168,3085
1982 - 1986,Manipur,Imphal West,2.5616892726,6568
1982 - 1986,Manipur,Senapati,2.3522187976,1649
1982 - 1986,Manipur,Tamenglong,2.9897083698,671
1982 - 1986,Manipur,Thoubal,2.5522538716,1000
1982 - 1986,Manipur,Ukhrul,2.5531959938,437
1982 - 1986,Meghalaya,East Garo Hills,2.3920127133920976,3640
1982 - 1986,Meghalaya,East Khasi Hills,2.6036511369267403,16443
1982 - 1986,Meghalaya,West Garo Hills,2.4470198591937784,12199
1982 - 1986,Meghalaya,West Jaintia Hills,2.2841771335205565,4860
1982 - 1986,Meghalaya,West Khasi Hills,2.681798432546278,3536
1982 - 1986,Mizoram,Aizawl,3.5644523766000002,13893
1982 - 1986,Mizoram,Lawngtlai,2.9546022572000004,2848
1982 - 1986,Mizoram,Lunglei,3.3760650522000004,8729
1982 - 1986,Nagaland,Kohima,2.983059603777643,16945
1982 - 1986,Nagaland,Mokokchung,3.606265179748231,2419
1982 - 1986,Nagaland,Mon,1.9433315046806212,1676
1982 - 1986,Nagaland,Phek,2.966339528488505,1203
1982 - 1986,Nagaland,Tuensang,2.423425312132999,2965
1982 - 1986,Nagaland,Wokha,2.815763245108509,1636
1982 - 1986,Nagaland,Zunheboto,2.9259044177597793,764
1982 - 1986,Puducherry,Karaikal,3.3615607708000006,8184
1982 - 1986,Puducherry,Mahe,2.4504188576,1980
1982 - 1986,Puducherry,Puducherry,3.3278914400000006,34132
1982 - 1986,Puducherry,Yanam,3.0200311766000008,2282
1982 - 1986,Uttar Pradesh,Agra,2.3515924249613707,74299
1982 - 1986,Uttar Pradesh,Aligarh,2.5161101242785837,87779
1982 - 1986,Uttar Pradesh,Allahabad,2.6485220490664205,136532
1982 - 1986,Uttar Pradesh,Badaun,2.416483545735522,69052
1982 - 1986,Uttar Pradesh,Banda,2.3806213315446088,57514
1982 - 1986,Uttar Pradesh,Barabanki,2.376535798469678,41080
1982 - 1986,Uttar Pradesh,Bareilly,2.5031850068702144,85000
1982 - 1986,Uttar Pradesh,Bijnor,2.56573382527349,79639
1982 - 1986,Uttar Pradesh,Bulandshahr,2.3786417252899588,51030
1982 - 1986,Uttar Pradesh,Etah,2.4302809468189945,75933
1982 - 1986,Uttar Pradesh,Etawah,2.5622449507059963,42355
1982 - 1986,Uttar Pradesh,Faizabad,2.4398973816372664,73985
1982 - 1986,Uttar Pradesh,Farrukhabad,2.538731613561876,55424
1982 - 1986,Uttar Pradesh,Fatehpur,2.345819177230998,65025
1982 - 1986,Uttar Pradesh,Firozabad,2.3338159060365133,53924
1982 - 1986,Uttar Pradesh,Ghaziabad,2.5873293885232265,77220
1982 - 1986,Uttar Pradesh,Hamirpur,2.373179527900793,39736
1982 - 1986,Uttar Pradesh,Hardoi,2.444716490901616,90415
1982 - 1986,Uttar Pradesh,Jalaun,2.3136395993100916,32750
1982 - 1986,Uttar Pradesh,Jhansi,2.4478750073557385,57139
1982 - 1986,Uttar Pradesh,Kanpur Rural,2.2468185846253284,50858
1982 - 1986,Uttar Pradesh,Kanpur Urban,2.1666641793738224,69715
1982 - 1986,Uttar Pradesh,Kheri,2.388164791737984,45163
1982 - 1986,Uttar Pradesh,Lalitpur,2.6317908376622947,23740
1982 - 1986,Uttar Pradesh,Lucknow,2.4648878162471934,115224
1982 - 1986,Uttar Pradesh,Mainpuri,2.2724207293717003,42533
1982 - 1986,Uttar Pradesh,Mathura,2.1811172600610806,72722
1982 - 1986,Uttar Pradesh,Mau,2.4041582494305374,36930
1982 - 1986,Uttar Pradesh,Meerut,2.4311843376760156,78552
1982 - 1986,Uttar Pradesh,Moradabad,2.3521176182123504,72706
1982 - 1986,Uttar Pradesh,Muzaffarnagar,2.560551116005695,102631
1982 - 1986,Uttar Pradesh,Pilibhit,2.3333632439933085,40380
1982 - 1986,Uttar Pradesh,Pratapgarh,2.282240843098918,66209
1982 - 1986,Uttar Pradesh,Rae Bareli,2.2215908817118053,74455
1982 - 1986,Uttar Pradesh,Rampur,2.4803885580738902,36852
1982 - 1986,Uttar Pradesh,Saharanpur,2.534116807399516,73116
1982 - 1986,Uttar Pradesh,Shahjahanpur,2.447913380902412,49868
1982 - 1986,Uttar Pradesh,Sitapur,2.4279170950845104,76814
1982 - 1986,Uttar Pradesh,Sultanpur,2.3794030997307134,69408
1982 - 1986,Uttar Pradesh,Unnao,2.336434348415891,79143
1982 - 1986,Uttarakhand,Chamoli,2.0447620094000003,15494
1982 - 1986,Uttarakhand,Dehradun,2.021919315,70733
1982 - 1986,Uttarakhand,Haridwar,2.2055466374,49815
1982 - 1986,Uttarakhand,Nainital,2.5782718981186132,94592
1982 - 1986,Uttarakhand,Pauri Garhwal,2.0474767988,20979
1982 - 1986,Uttarakhand,Uttarkashi,2.2022530602000003,8110
1987 - 1991,Andhra Pradesh,Anantapur,2.9476223604,187545
1987 - 1991,Andhra Pradesh,Chittoor,2.7855025328,196325
1987 - 1991,Andhra Pradesh,East Godavari,3.1445836888,317140
1987 - 1991,Andhra Pradesh,Guntur,2.979619797,256360
1987 - 1991,Andhra Pradesh,Kadapa,2.9611551456000003,143780
1987 - 1991,Andhra Pradesh,Krishna,2.8808074826000003,265082
1987 - 1991,Andhra Pradesh,Kurnool,2.8450539666000005,158448
1987 - 1991,Andhra Pradesh,Nellore,2.970653368,170886
1987 - 1991,Andhra Pradesh,Prakasam,3.0750282174,144107
1987 - 1991,Andhra Pradesh,Srikakulam,3.0644515228,122130
1987 - 1991,Andhra Pradesh,Visakhapatnam,2.9880315019999997,256134
1987 - 1991,Andhra Pradesh,Vizianagaram,3.0588427488,118976
1987 - 1991,Andhra Pradesh,West Godavari,3.0895171056,268538
1987 - 1991,Arunachal Pradesh,Changlang,2.1319254226,11376
1987 - 1991,Arunachal Pradesh,Dibang Valley,2.19213207,9274
1987 - 1991,Arunachal Pradesh,East Kameng,1.9217439676,3385
1987 - 1991,Arunachal Pradesh,East Siang,1.9956213172,8589
1987 - 1991,Arunachal Pradesh,Lohit,2.3202689656,22272
1987 - 1991,Arunachal Pradesh,Lower Subansiri,1.7979861068000005,22247
1987 - 1991,Arunachal Pradesh,Papum Pare,1.9739688112,22247
1987 - 1991,Arunachal Pradesh,Tawang,1.8808063786,2142
1987 - 1991,Arunachal Pradesh,Tirap,2.0153825112,7419
1987 - 1991,Arunachal Pradesh,Upper Subansiri,1.8983926466,4775
1987 - 1991,Arunachal Pradesh,West Kameng,1.9262769600000005,7456
1987 - 1991,Arunachal Pradesh,West Siang,1.8724826122,12038
1987 - 1991,Chandigarh,Chandigarh,2.5745353640410347,108539
1987 - 1991,Dadra And Nagar Haveli,Dadra And Nagar Haveli,2.2938349076324505,11801
1987 - 1991,Daman And Diu,Daman,2.29466357170477,11537
1987 - 1991,Daman And Diu,Diu,2.329225245522644,1511
1987 - 1991,Goa,North Goa,2.3437584719999998,66937
1987 - 1991,Goa,South Goa,2.371498052,49778
1987 - 1991,Haryana,Ambala,2.5804397999750863,96489
1987 - 1991,Haryana,Bhiwani,2.226380880596521,40743
1987 - 1991,Haryana,Faridabad,2.397607346694273,112376
1987 - 1991,Haryana,Gurgaon,2.449619962829011,101521
1987 - 1991,Haryana,Hisar,2.5866216985365367,98744
1987 - 1991,Haryana,Jind,2.228526261555972,43937
1987 - 1991,Haryana,Kaithal,2.273289009882323,33386
1987 - 1991,Haryana,Karnal,2.24742311306314,43593
1987 - 1991,Haryana,Kurukshetra,2.2947791987735466,31819
1987 - 1991,Haryana,Mahendragarh,2.2112853914142754,25550
1987 - 1991,Haryana,Panipat,2.1539706073575573,70538
1987 - 1991,Haryana,Rewari,2.1794824855778403,29093
1987 - 1991,Haryana,Rohtak,2.472080089459402,77080
1987 - 1991,Haryana,Sirsa,2.3863219351982665,73780
1987 - 1991,Haryana,Sonipat,2.162461071889228,44930
1987 - 1991,Haryana,Yamunanagar,2.3107523536316563,40873
1987 - 1991,Himachal Pradesh,Bilaspur,2.050236754688993,16963
1987 - 1991,Himachal Pradesh,Chamba,1.9364062009805003,26768
1987 - 1991,Himachal Pradesh,Hamirpur,2.0366532296557707,25199
1987 - 1991,Himachal Pradesh,Kangra,2.553595319494484,77357
1987 - 1991,Himachal Pradesh,Kinnaur,2.06567493155494,8261
1987 - 1991,Himachal Pradesh,Kullu,1.8861400579060688,16775
1987 - 1991,Himachal Pradesh,Lahaul And Spiti,2.164806478031585,3390
1987 - 1991,Himachal Pradesh,Mandi,1.919936502647685,42998
1987 - 1991,Himachal Pradesh,Shimla,2.041086189215491,59130
1987 - 1991,Himachal Pradesh,Sirmaur,2.092598939725744,26443
1987 - 1991,Himachal Pradesh,Solan,2.092240180695473,42946
1987 - 1991,Himachal Pradesh,Una,2.1597880318291844,24047
1987 - 1991,Madhya Pradesh,Balaghat,2.329815535993144,72982
1987 - 1991,Madhya Pradesh,Betul,2.265639073165304,61720
1987 - 1991,Madhya Pradesh,Bhind,2.194000811109192,56204
1987 - 1991,Madhya Pradesh,Bhopal,2.4317435166804926,116851
1987 - 1991,Madhya Pradesh,Chhatarpur,2.2496121909332314,43304
1987 - 1991,Madhya Pradesh,Chhindwara,2.5959175991958308,96107
1987 - 1991,Madhya Pradesh,Damoh,2.286268497490597,48862
1987 - 1991,Madhya Pradesh,Datia,2.2327336550008923,18080
1987 - 1991,Madhya Pradesh,Dewas,2.1772306059408133,69894
1987 - 1991,Madhya Pradesh,Dhar,2.5050283142722876,92735
1987 - 1991,Madhya Pradesh,Guna,2.177725327662768,63191
1987 - 1991,Madhya Pradesh,Gwalior,2.2224903028088234,73544
1987 - 1991,Madhya Pradesh,Hoshangabad,2.5409131814828343,86714
1987 - 1991,Madhya Pradesh,Indore,2.385777127772332,114187
1987 - 1991,Madhya Pradesh,Jabalpur,2.520027547268324,140954
1987 - 1991,Madhya Pradesh,Jhabua,1.8990992574578371,51157
1987 - 1991,Madhya Pradesh,Khandwa,2.4625109492815307,92723
1987 - 1991,Madhya Pradesh,Khargone,2.696752474825221,115269
1987 - 1991,Madhya Pradesh,Mandla,2.191809904820716,67280
1987 - 1991,Madhya Pradesh,Mandsaur,2.5703113371476984,81237
1987 - 1991,Madhya Pradesh,Morena,2.5662373098525375,82126
1987 - 1991,Madhya Pradesh,Narsinghpur,2.194201357298537,42996
1987 - 1991,Madhya Pradesh,Panna,2.1978745303548197,28710
1987 - 1991,Madhya Pradesh,Raisen,2.2127088682929026,56449
1987 - 1991,Madhya Pradesh,Rajgarh,2.2342509704129703,46372
1987 - 1991,Madhya Pradesh,Ratlam,2.1781835555148588,49918
1987 - 1991,Madhya Pradesh,Rewa,2.3085399716459616,57172
1987 - 1991,Madhya Pradesh,Sagar,2.597187908344675,91698
1987 - 1991,Madhya Pradesh,Satna,2.157781135104762,61463
1987 - 1991,Madhya Pradesh,Sehore,2.149372475986892,40820
1987 - 1991,Madhya Pradesh,Seoni,2.2136908096504544,62448
1987 - 1991,Madhya Pradesh,Shahdol,2.3484048717433295,97813
1987 - 1991,Madhya Pradesh,Shajapur,2.260673557597754,52741
1987 - 1991,Madhya Pradesh,Shivpuri,2.269968705007978,42789
1987 - 1991,Madhya Pradesh,Sidhi,2.5567632199054646,76541
1987 - 1991,Madhya Pradesh,Tikamgarh,2.2874319220798704,37478
1987 - 1991,Madhya Pradesh,Ujjain,2.157563074566604,68331
1987 - 1991,Madhya Pradesh,Vidisha,2.234299431443967,55036
1987 - 1991,Manipur,Bishnupur,2.5561580436,1468
1987 - 1991,Manipur,Chandel,2.5022489744,1983
1987 - 1991,Manipur,Churachandpur,2.707748739,3525
1987 - 1991,Manipur,Imphal West,2.5638313078,7328
1987 - 1991,Manipur,Senapati,2.3790052628,1173
1987 - 1991,Manipur,Tamenglong,3.0360967482,661
1987 - 1991,Manipur,Thoubal,2.5133837556000005,867
1987 - 1991,Manipur,Ukhrul,2.573313502,352
1987 - 1991,Meghalaya,East Garo Hills,2.3827048967383027,4479
1987 - 1991,Meghalaya,East Khasi Hills,2.6860139057420223,25793
1987 - 1991,Meghalaya,West Garo Hills,2.440028714167049,16341
1987 - 1991,Meghalaya,West Jaintia Hills,2.419348376189784,6862
1987 - 1991,Meghalaya,West Khasi Hills,2.7723139135602017,4308
1987 - 1991,Mizoram,Aizawl,3.5125289024000006,18805
1987 - 1991,Mizoram,Lawngtlai,2.9525142276,3449
1987 - 1991,Mizoram,Lunglei,3.3169551660000005,9750
1987 - 1991,Nagaland,Kohima,3.03351767008143,20683
1987 - 1991,Nagaland,Mokokchung,3.5994998977632804,3026
1987 - 1991,Nagaland,Mon,1.939371108835277,2094
1987 - 1991,Nagaland,Phek,2.927038267996044,2087
1987 - 1991,Nagaland,Tuensang,2.482202112718661,3711
1987 - 1991,Nagaland,Wokha,2.8416465766006054,1880
1987 - 1991,Nagaland,Zunheboto,2.93789931469239,935
1987 - 1991,Puducherry,Karaikal,3.2743235192,11088
1987 - 1991,Puducherry,Mahe,2.4275784014000004,2277
1987 - 1991,Puducherry,Puducherry,3.3020727140000004,44232
1987 - 1991,Puducherry,Yanam,3.032437302,2800
1987 - 1991,Uttar Pradesh,Agra,2.1909658370397453,74030
1987 - 1991,Uttar Pradesh,Aligarh,2.617298723992514,89015
1987 - 1991,Uttar Pradesh,Allahabad,2.5414275847525,130213
1987 - 1991,Uttar Pradesh,Badaun,2.395816361756502,75343
1987 - 1991,Uttar Pradesh,Banda,2.4614416434440565,53787
1987 - 1991,Uttar Pradesh,Barabanki,2.2600293161226666,39500
1987 - 1991,Uttar Pradesh,Bareilly,2.460303573374454,98273
1987 - 1991,Uttar Pradesh,Bijnor,2.537594631046714,77450
1987 - 1991,Uttar Pradesh,Bulandshahr,2.2547248324972493,52131
1987 - 1991,Uttar Pradesh,Etah,2.4320870977249927,79810
1987 - 1991,Uttar Pradesh,Etawah,2.2065103882244097,45090
1987 - 1991,Uttar Pradesh,Faizabad,2.505802864242935,63475
1987 - 1991,Uttar Pradesh,Farrukhabad,2.29922184827182,51822
1987 - 1991,Uttar Pradesh,Fatehpur,2.3188061353756257,66313
1987 - 1991,Uttar Pradesh,Firozabad,2.2552018461102556,59611
1987 - 1991,Uttar Pradesh,Ghaziabad,2.4004373753671233,101965
1987 - 1991,Uttar Pradesh,Hamirpur,2.3063634279006644,38486
1987 - 1991,Uttar Pradesh,Hardoi,2.5390921251523246,87180
1987 - 1991,Uttar Pradesh,Jalaun,2.231596766025976,34414
1987 - 1991,Uttar Pradesh,Jhansi,2.2752663551093644,66533
1987 - 1991,Uttar Pradesh,Kanpur Rural,2.234223602298578,51319
1987 - 1991,Uttar Pradesh,Kanpur Urban,2.5276316392444684,79530
1987 - 1991,Uttar Pradesh,Kheri,2.3044593830083637,44670
1987 - 1991,Uttar Pradesh,Lalitpur,2.512041010449715,24639
1987 - 1991,Uttar Pradesh,Lucknow,2.685020648616471,138739
1987 - 1991,Uttar Pradesh,Mainpuri,2.2632921414037743,40848
1987 - 1991,Uttar Pradesh,Mathura,2.364474885041353,80605
1987 - 1991,Uttar Pradesh,Mau,2.1778473115667487,36054
1987 - 1991,Uttar Pradesh,Meerut,2.4541624132918822,81330
1987 - 1991,Uttar Pradesh,Moradabad,2.271287095461936,72498
1987 - 1991,Uttar Pradesh,Muzaffarnagar,2.573795053281885,106584
1987 - 1991,Uttar Pradesh,Pilibhit,2.333923689985987,42620
1987 - 1991,Uttar Pradesh,Pratapgarh,2.2214289936743645,64088
1987 - 1991,Uttar Pradesh,Rae Bareli,2.2364188828146565,73268
1987 - 1991,Uttar Pradesh,Rampur,2.3752000540257616,42458
1987 - 1991,Uttar Pradesh,Saharanpur,2.520309838378132,76090
1987 - 1991,Uttar Pradesh,Shahjahanpur,2.3828040277123548,54292
1987 - 1991,Uttar Pradesh,Sitapur,2.415960524863211,79153
1987 - 1991,Uttar Pradesh,Sultanpur,2.2784280821748726,67783
1987 - 1991,Uttar Pradesh,Unnao,2.6087639840517904,75045
1987 - 1991,Uttarakhand,Chamoli,2.0562447286000003,22251
1987 - 1991,Uttarakhand,Dehradun,2.5448374784524894,97990
1987 - 1991,Uttarakhand,Haridwar,2.1951525316,60104
1987 - 1991,Uttarakhand,Nainital,2.3616501154851997,111769
1987 - 1991,Uttarakhand,Pauri Garhwal,2.0324700918,28700
1987 - 1991,Uttarakhand,Uttarkashi,2.1795464825999997,11387
1992 - 1996,Andhra Pradesh,Anantapur,2.878708589661275,220243
1992 - 1996,Andhra Pradesh,Chittoor,3.1787952774825006,259945
1992 - 1996,Andhra Pradesh,East Godavari,3.1334023662795407,398495
1992 - 1996,Andhra Pradesh,Guntur,2.946520154439867,254575
1992 - 1996,Andhra Pradesh,Kadapa,2.8250905098000003,173328
1992 - 1996,Andhra Pradesh,Krishna,3.178737592965911,345552
1992 - 1996,Andhra Pradesh,Kurnool,3.1983260024659605,205461
1992 - 1996,Andhra Pradesh,Nellore,2.9852406147810706,225433
1992 - 1996,Andhra Pradesh,Prakasam,2.9411306112000006,184077
1992 - 1996,Andhra Pradesh,Srikakulam,2.9866287546,149301
1992 - 1996,Andhra Pradesh,Visakhapatnam,2.884732643207339,264754
1992 - 1996,Andhra Pradesh,Vizianagaram,2.959283222,141172
1992 - 1996,Andhra Pradesh,West Godavari,3.005337980333849,336280
1992 - 1996,Arunachal Pradesh,Changlang,2.1356701846,17365
1992 - 1996,Arunachal Pradesh,Dibang Valley,2.1378000876,15230
1992 - 1996,Arunachal Pradesh,East Kameng,1.9436314636,6308
1992 - 1996,Arunachal Pradesh,East Siang,2.0090449626,11088
1992 - 1996,Arunachal Pradesh,Lohit,2.3425721596000004,28256
1992 - 1996,Arunachal Pradesh,Lower Subansiri,1.8283568166,8722
1992 - 1996,Arunachal Pradesh,Papum Pare,1.9532858504,26262
1992 - 1996,Arunachal Pradesh,Tawang,1.8950423696,3979
1992 - 1996,Arunachal Pradesh,Tirap,2.0042786118,11712
1992 - 1996,Arunachal Pradesh,Upper Siang,1.9612139914,5478
1992 - 1996,Arunachal Pradesh,Upper Subansiri,1.8968451194,7842
1992 - 1996,Arunachal Pradesh,West Kameng,1.9365901942,13128
1992 - 1996,Arunachal Pradesh,West Siang,1.8815464158,11741
1992 - 1996,Chandigarh,Chandigarh,2.5784125183774598,165875
1992 - 1996,Dadra And Nagar Haveli,Dadra And Nagar Haveli,2.285812540512203,26979
1992 - 1996,Daman And Diu,Daman,2.2731817712102744,19863
1992 - 1996,Daman And Diu,Diu,2.3295882839027677,3586
1992 - 1996,Goa,North Goa,2.568177849024451,127539
1992 - 1996,Goa,South Goa,2.5910785374337757,88989
1992 - 1996,Haryana,Ambala,2.3585542777323303,116546
1992 - 1996,Haryana,Bhiwani,2.336700655478375,86023
1992 - 1996,Haryana,Faridabad,2.855804819755648,250567
1992 - 1996,Haryana,Fatehabad,2.3340886318459284,55184
1992 - 1996,Haryana,Gurgaon,2.584597701260724,168778
1992 - 1996,Haryana,Hisar,2.3558439393364954,130229
1992 - 1996,Haryana,Jhajjar,2.1046027458091685,69378
1992 - 1996,Haryana,Jind,2.526919742187226,85120
1992 - 1996,Haryana,Kaithal,2.285743814913547,55579
1992 - 1996,Haryana,Karnal,2.3989368081792484,92112
1992 - 1996,Haryana,Kurukshetra,2.325004490773124,60063
1992 - 1996,Haryana,Mahendragarh,2.176170678550509,43785
1992 - 1996,Haryana,Panchkula,2.6099493315685067,104309
1992 - 1996,Haryana,Panipat,2.5972953821015654,113381
1992 - 1996,Haryana,Rewari,2.116970060566131,60978
1992 - 1996,Haryana,Rohtak,2.420500045522698,77559
1992 - 1996,Haryana,Sirsa,2.398539706346472,99683
1992 - 1996,Haryana,Sonipat,2.509080909226184,84107
1992 - 1996,Haryana,Yamunanagar,2.2940975901767393,59538
1992 - 1996,Himachal Pradesh,Bilaspur,2.0610649188531167,16525
1992 - 1996,Himachal Pradesh,Chamba,1.9642886891173708,26198
1992 - 1996,Himachal Pradesh,Hamirpur,2.0688016245682066,25695
1992 - 1996,Himachal Pradesh,Kangra,2.318421014821796,108666
1992 - 1996,Himachal Pradesh,Kinnaur,2.108608942851255,12778
1992 - 1996,Himachal Pradesh,Kullu,1.9661692621219156,23541
1992 - 1996,Himachal Pradesh,Lahaul And Spiti,2.200194494761504,3918
1992 - 1996,Himachal Pradesh,Mandi,1.9543465731238183,50937
1992 - 1996,Himachal Pradesh,Shimla,2.078835331031852,68920
1992 - 1996,Himachal Pradesh,Sirmaur,2.135365157116847,29282
1992 - 1996,Himachal Pradesh,Solan,2.174676969790527,68653
1992 - 1996,Himachal Pradesh,Una,2.195567519768685,44269
1992 - 1996,Madhya Pradesh,Balaghat,2.5970274124539374,89838
1992 - 1996,Madhya Pradesh,Barwani,2.0921911444566867,67351
1992 - 1996,Madhya Pradesh,Betul,2.207810154876109,73939
1992 - 1996,Madhya Pradesh,Bhind,2.1405535051375795,61848
1992 - 1996,Madhya Pradesh,Bhopal,2.530295998714596,152960
1992 - 1996,Madhya Pradesh,Chhatarpur,2.264145784860088,66495
1992 - 1996,Madhya Pradesh,Chhindwara,2.446990726484314,106769
1992 - 1996,Madhya Pradesh,Damoh,2.2199894359259256,58564
1992 - 1996,Madhya Pradesh,Datia,2.159227806000932,21610
1992 - 1996,Madhya Pradesh,Dewas,2.5788268334656563,85105
1992 - 1996,Madhya Pradesh,Dhar,2.6983954152543688,112955
1992 - 1996,Madhya Pradesh,Dindori,2.206104694574472,22815
1992 - 1996,Madhya Pradesh,Guna,2.5626233571600214,78737
1992 - 1996,Madhya Pradesh,Gwalior,2.4852357612817313,109897
1992 - 1996,Madhya Pradesh,Harda,2.1869314002809563,40919
1992 - 1996,Madhya Pradesh,Hoshangabad,2.5718315297018965,92354
1992 - 1996,Madhya Pradesh,Indore,2.4348945492874616,192365
1992 - 1996,Madhya Pradesh,Jabalpur,2.546044642485455,136718
1992 - 1996,Madhya Pradesh,Jhabua,1.9218161964386464,60845
1992 - 1996,Madhya Pradesh,Katni,2.0830254315819423,53969
1992 - 1996,Madhya Pradesh,Khandwa,2.6952060539820564,134281
1992 - 1996,Madhya Pradesh,Khargone,2.5856038400548167,140262
1992 - 1996,Madhya Pradesh,Mandla,2.150385287739951,61890
1992 - 1996,Madhya Pradesh,Mandsaur,2.3622796381579083,96526
1992 - 1996,Madhya Pradesh,Morena,2.098435503255877,71959
1992 - 1996,Madhya Pradesh,Narsinghpur,2.1650285674720418,61392
1992 - 1996,Madhya Pradesh,Neemuch,2.1685102677799497,43487
1992 - 1996,Madhya Pradesh,Panna,2.1524186627940525,33523
1992 - 1996,Madhya Pradesh,Raisen,2.1501951707929443,60444
1992 - 1996,Madhya Pradesh,Rajgarh,2.1405229465597366,51116
1992 - 1996,Madhya Pradesh,Ratlam,2.1340558898404014,68773
1992 - 1996,Madhya Pradesh,Rewa,2.189880433311115,72305
1992 - 1996,Madhya Pradesh,Sagar,2.5756528789248705,112839
1992 - 1996,Madhya Pradesh,Satna,2.3012317434320697,77651
1992 - 1996,Madhya Pradesh,Sehore,2.1747474610271884,52172
1992 - 1996,Madhya Pradesh,Seoni,2.215523432857533,68420
1992 - 1996,Madhya Pradesh,Shahdol,2.504134244541789,103694
1992 - 1996,Madhya Pradesh,Shajapur,2.399118201573716,75847
1992 - 1996,Madhya Pradesh,Sheopur,2.2359114940327998,26755
1992 - 1996,Madhya Pradesh,Shivpuri,2.189120724927404,52978
1992 - 1996,Madhya Pradesh,Sidhi,2.459449673377868,103651
1992 - 1996,Madhya Pradesh,Tikamgarh,2.267718005528987,47194
1992 - 1996,Madhya Pradesh,Ujjain,2.44739070425432,89914
1992 - 1996,Madhya Pradesh,Umaria,2.1368665681346948,32888
1992 - 1996,Madhya Pradesh,Vidisha,2.1766973044922464,64318
1992 - 1996,Manipur,Bishnupur,2.5247076474,1454
1992 - 1996,Manipur,Chandel,2.5420928930000004,2811
1992 - 1996,Manipur,Churachandpur,2.7324913662,3471
1992 - 1996,Manipur,Imphal East,2.5683165272,6704
1992 - 1996,Manipur,Imphal West,2.557275263,8099
1992 - 1996,Manipur,Senapati,2.381690988,3091
1992 - 1996,Manipur,Tamenglong,3.0814883336000003,656
1992 - 1996,Manipur,Thoubal,2.4494162862,2539
1992 - 1996,Manipur,Ukhrul,2.5912064353999997,591
1992 - 1996,Meghalaya,East Garo Hills,2.3821173146276866,1073
1992 - 1996,Meghalaya,East Khasi Hills,2.771311457309245,16233
1992 - 1996,Meghalaya,Ri Bhoi,2.62365209396536,2856
1992 - 1996,Meghalaya,South Garo Hills,2.3865414007894974,1383
1992 - 1996,Meghalaya,West Garo Hills,2.4371461401142147,13176
1992 - 1996,Meghalaya,West Jaintia Hills,2.620414983829385,6327
1992 - 1996,Meghalaya,West Khasi Hills,2.8766445419334143,3933
1992 - 1996,Mizoram,Aizawl,3.4599940362,24214
1992 - 1996,Mizoram,Champhai,3.746537264,7153
1992 - 1996,Mizoram,Kolasib,3.4873579338,5974
1992 - 1996,Mizoram,Lawngtlai,2.8988326438,3591
1992 - 1996,Mizoram,Lunglei,3.3268575772,12364
1992 - 1996,Mizoram,Mamit,3.301733108,3804
1992 - 1996,Mizoram,Saiha,3.0154770486,1972
1992 - 1996,Mizoram,Serchhip,3.6881053176,1883
1992 - 1996,Nagaland,Dimapur,2.8626386748326293,18719
1992 - 1996,Nagaland,Kohima,3.101733406754414,21765
1992 - 1996,Nagaland,Mokokchung,3.5906290221938884,2685
1992 - 1996,Nagaland,Mon,1.9359638762215612,2816
1992 - 1996,Nagaland,Phek,2.928460195822129,3946
1992 - 1996,Nagaland,Tuensang,2.5239819958328185,1841
1992 - 1996,Nagaland,Wokha,2.8695289377721407,2959
1992 - 1996,Nagaland,Zunheboto,2.934665370698464,907
1992 - 1996,Puducherry,Karaikal,3.1437569144,23596
1992 - 1996,Puducherry,Mahe,2.4252213244,3295
1992 - 1996,Puducherry,Puducherry,3.2259712524,93649
1992 - 1996,Puducherry,Yanam,3.0164472401999998,4921
1992 - 1996,Uttar Pradesh,Agra,2.545407583516446,79548
1992 - 1996,Uttar Pradesh,Aligarh,2.5159662918113086,84962
1992 - 1996,Uttar Pradesh,Allahabad,2.453043006256858,109769
1992 - 1996,Uttar Pradesh,Auraiyya,2.138375225856415,36468
1992 - 1996,Uttar Pradesh,Badaun,2.3054853344134343,88365
1992 - 1996,Uttar Pradesh,Bagpat,2.1601336979770176,36784
1992 - 1996,Uttar Pradesh,Banda,2.371314087020536,57325
1992 - 1996,Uttar Pradesh,Barabanki,2.233242958937772,63664
1992 - 1996,Uttar Pradesh,Bareilly,2.3900727846062444,113950
1992 - 1996,Uttar Pradesh,Bijnor,2.658429270051413,108512
1992 - 1996,Uttar Pradesh,Bulandshahr,2.2397981636104447,66599
1992 - 1996,Uttar Pradesh,Chitrakoot,2.3455112983100768,25892
1992 - 1996,Uttar Pradesh,Etah,2.322049037129303,80292
1992 - 1996,Uttar Pradesh,Etawah,2.1516600913086807,40935
1992 - 1996,Uttar Pradesh,Faizabad,2.363086947817944,65915
1992 - 1996,Uttar Pradesh,Farrukhabad,2.2713817040038813,41502
1992 - 1996,Uttar Pradesh,Fatehpur,2.2697567552093987,57597
1992 - 1996,Uttar Pradesh,Firozabad,2.2138461852179643,62377
1992 - 1996,Uttar Pradesh,Gautam Buddh Nagar,2.6297863897239186,149812
1992 - 1996,Uttar Pradesh,Ghaziabad,2.609825108987306,119742
1992 - 1996,Uttar Pradesh,Hamirpur,2.272884690351292,37018
1992 - 1996,Uttar Pradesh,Hardoi,2.6690685928714313,102976
1992 - 1996,Uttar Pradesh,Hathras,2.157747561382705,33869
1992 - 1996,Uttar Pradesh,Jalaun,2.191648002715982,39616
1992 - 1996,Uttar Pradesh,Jhansi,2.250101837011706,65226
1992 - 1996,Uttar Pradesh,Kannauj,2.2634888086755782,33262
1992 - 1996,Uttar Pradesh,Kanpur Rural,2.1642146742756125,46907
1992 - 1996,Uttar Pradesh,Kanpur Urban,2.475324390501313,94640
1992 - 1996,Uttar Pradesh,Kaushambi,2.2327728718662807,23185
1992 - 1996,Uttar Pradesh,Kheri,2.2838148592176535,58013
1992 - 1996,Uttar Pradesh,Lalitpur,2.4252345554278625,33334
1992 - 1996,Uttar Pradesh,Lucknow,2.484810694246305,171767
1992 - 1996,Uttar Pradesh,Mahoba,2.344516378262688,26840
1992 - 1996,Uttar Pradesh,Mainpuri,2.1935990295333765,47651
1992 - 1996,Uttar Pradesh,Mathura,2.2973141219180677,83637
1992 - 1996,Uttar Pradesh,Mau,2.103236071320059,42750
1992 - 1996,Uttar Pradesh,Meerut,2.695748335348945,101182
1992 - 1996,Uttar Pradesh,Moradabad,2.460925404467094,105607
1992 - 1996,Uttar Pradesh,Muzaffarnagar,2.319269377387871,129445
1992 - 1996,Uttar Pradesh,Pilibhit,2.2800411524840523,51754
1992 - 1996,Uttar Pradesh,Pratapgarh,2.186396754426714,64343
1992 - 1996,Uttar Pradesh,Rae Bareli,2.449168499007101,75166
1992 - 1996,Uttar Pradesh,Rampur,2.34945494201946,60532
1992 - 1996,Uttar Pradesh,Saharanpur,2.4142169791398125,102773
1992 - 1996,Uttar Pradesh,Shahjahanpur,2.3370118584142467,77482
1992 - 1996,Uttar Pradesh,Sitapur,2.500399072643942,103821
1992 - 1996,Uttar Pradesh,Sultanpur,2.3343940036134034,103005
1992 - 1996,Uttar Pradesh,Unnao,2.590782863574765,82300
1992 - 1996,Uttarakhand,Bageshwar,1.8840209112000001,12819
1992 - 1996,Uttarakhand,Chamoli,1.8875693936,40322
1992 - 1996,Uttarakhand,Dehradun,2.501513018427186,118800
1992 - 1996,Uttarakhand,Haridwar,2.0891076346,66374
1992 - 1996,Uttarakhand,Nainital,2.466483487033772,90597
1992 - 1996,Uttarakhand,Pauri Garhwal,2.0406158084,41960
1992 - 1996,Uttarakhand,Udham Singh Nagar,2.4147046087635053,87365
1992 - 1996,Uttarakhand,Uttarkashi,2.1576470926000004,21964
1997 - 2000,Andhra Pradesh,Anantapur,2.8488196529821943,236641
1997 - 2000,Andhra Pradesh,Chittoor,3.0432097358821393,286762
1997 - 2000,Andhra Pradesh,East Godavari,3.2565119540618688,400129
1997 - 2000,Andhra Pradesh,Guntur,3.2146464236955854,310316
1997 - 2000,Andhra Pradesh,Kadapa,2.7022792745000004,180068
1997 - 2000,Andhra Pradesh,Krishna,2.9617746384520127,395544
1997 - 2000,Andhra Pradesh,Kurnool,2.70482796875,191455
1997 - 2000,Andhra Pradesh,Nellore,2.962551907205715,239927
1997 - 2000,Andhra Pradesh,Prakasam,2.8519212249280126,220070
1997 - 2000,Andhra Pradesh,Srikakulam,2.900120335,164126
1997 - 2000,Andhra Pradesh,Visakhapatnam,3.167732645378588,298522
1997 - 2000,Andhra Pradesh,Vizianagaram,2.8452507330000003,153665
1997 - 2000,Andhra Pradesh,West Godavari,3.220571182513319,350784
1997 - 2000,Arunachal Pradesh,Changlang,2.125653899,21176
1997 - 2000,Arunachal Pradesh,Dibang Valley,2.1487805285674466,18365
1997 - 2000,Arunachal Pradesh,East Kameng,1.87558294625,6146
1997 - 2000,Arunachal Pradesh,East Siang,2.0386123865,14022
1997 - 2000,Arunachal Pradesh,Lohit,2.36219502125,35711
1997 - 2000,Arunachal Pradesh,Lower Subansiri,1.795215994,7565
1997 - 2000,Arunachal Pradesh,Papum Pare,1.92323482425,32011
1997 - 2000,Arunachal Pradesh,Tawang,1.904368796235118,4106
1997 - 2000,Arunachal Pradesh,Tirap,1.954029972557598,15674
1997 - 2000,Arunachal Pradesh,Upper Siang,1.94480972375,8460
1997 - 2000,Arunachal Pradesh,Upper Subansiri,1.8861888127500002,9130
1997 - 2000,Arunachal Pradesh,West Kameng,1.91101977525,19069
1997 - 2000,Arunachal Pradesh,West Siang,1.84221930125,13354
1997 - 2000,Chandigarh,Chandigarh,2.624120368565506,192332
1997 - 2000,Dadra And Nagar Haveli,Dadra And Nagar Haveli,2.2779866569860823,33712
1997 - 2000,Daman And Diu,Daman,2.219740538593663,27577
1997 - 2000,Daman And Diu,Diu,2.2971558484700045,3281
1997 - 2000,Goa,North Goa,2.450210225245282,133765
1997 - 2000,Goa,South Goa,2.411764029078918,92495
1997 - 2000,Haryana,Ambala,2.6615040617912165,112067
1997 - 2000,Haryana,Bhiwani,2.393792032312644,84749
1997 - 2000,Haryana,Faridabad,2.9252368565241795,269459
1997 - 2000,Haryana,Fatehabad,2.3356401103171835,58398
1997 - 2000,Haryana,Gurgaon,3.1051585254199523,224438
1997 - 2000,Haryana,Hisar,2.539370238193149,129557
1997 - 2000,Haryana,Jhajjar,2.297983134189982,90089
1997 - 2000,Haryana,Jind,2.350381492991707,81057
1997 - 2000,Haryana,Kaithal,2.3445815247955366,52586
1997 - 2000,Haryana,Karnal,2.488866507311087,91412
1997 - 2000,Haryana,Kurukshetra,2.4059461729900136,55161
1997 - 2000,Haryana,Mahendragarh,2.2328573763414226,40589
1997 - 2000,Haryana,Panchkula,2.348888198296667,99176
1997 - 2000,Haryana,Panipat,2.533973300336479,119929
1997 - 2000,Haryana,Rewari,2.156267084350426,63602
1997 - 2000,Haryana,Rohtak,2.1155376822154484,69949
1997 - 2000,Haryana,Sirsa,2.3750313446992473,89975
1997 - 2000,Haryana,Sonipat,2.541908056462499,95782
1997 - 2000,Haryana,Yamunanagar,2.3793286766734916,63962
1997 - 2000,Himachal Pradesh,Bilaspur,2.087302710261034,20731
1997 - 2000,Himachal Pradesh,Chamba,1.9935898300464112,32544
1997 - 2000,Himachal Pradesh,Hamirpur,2.1001777714899648,31729
1997 - 2000,Himachal Pradesh,Kangra,2.7269298645091795,105385
1997 - 2000,Himachal Pradesh,Kinnaur,2.0905292466985483,11508
1997 - 2000,Himachal Pradesh,Kullu,1.994298269503722,27229
1997 - 2000,Himachal Pradesh,Lahaul And Spiti,2.2207350438895634,3692
1997 - 2000,Himachal Pradesh,Mandi,2.049136234982154,65494
1997 - 2000,Himachal Pradesh,Shimla,2.079573077588793,73368
1997 - 2000,Himachal Pradesh,Sirmaur,2.1532649247025715,44615
1997 - 2000,Himachal Pradesh,Solan,2.2050709084645934,68320
1997 - 2000,Himachal Pradesh,Una,2.2138670289138167,39998
1997 - 2000,Madhya Pradesh,Balaghat,2.471717885463687,91212
1997 - 2000,Madhya Pradesh,Barwani,2.413653488360975,77750
1997 - 2000,Madhya Pradesh,Betul,2.414993170685439,78080
1997 - 2000,Madhya Pradesh,Bhind,2.05615519731359,59993
1997 - 2000,Madhya Pradesh,Bhopal,2.5785465681003905,159554
1997 - 2000,Madhya Pradesh,Chhatarpur,2.0458118340655096,58838
1997 - 2000,Madhya Pradesh,Chhindwara,2.675159002146229,104618
1997 - 2000,Madhya Pradesh,Damoh,2.0923046286552687,57231
1997 - 2000,Madhya Pradesh,Datia,2.078378173285629,20048
1997 - 2000,Madhya Pradesh,Dewas,2.492466219077168,76912
1997 - 2000,Madhya Pradesh,Dhar,2.4254501639687547,108264
1997 - 2000,Madhya Pradesh,Dindori,2.2052597723087755,25365
1997 - 2000,Madhya Pradesh,Guna,2.409967226487098,76555
1997 - 2000,Madhya Pradesh,Gwalior,2.619631655164311,120787
1997 - 2000,Madhya Pradesh,Harda,2.1809554185348583,48070
1997 - 2000,Madhya Pradesh,Hoshangabad,2.3546552149971323,85812
1997 - 2000,Madhya Pradesh,Indore,2.937415663569168,220619
1997 - 2000,Madhya Pradesh,Jabalpur,2.4403410977814057,121511
1997 - 2000,Madhya Pradesh,Jhabua,1.9201725328275312,65073
1997 - 2000,Madhya Pradesh,Katni,2.0671176179447013,53885
1997 - 2000,Madhya Pradesh,Khandwa,2.4604395399869343,134872
1997 - 2000,Madhya Pradesh,Khargone,2.35956877451855,142836
1997 - 2000,Madhya Pradesh,Mandla,2.1234581658575618,61267
1997 - 2000,Madhya Pradesh,Mandsaur,2.398872424006189,83490
1997 - 2000,Madhya Pradesh,Morena,2.1122661805638097,62267
1997 - 2000,Madhya Pradesh,Narsinghpur,2.177458909736666,62030
1997 - 2000,Madhya Pradesh,Neemuch,2.148969624045982,51850
1997 - 2000,Madhya Pradesh,Panna,2.0585924100933872,29791
1997 - 2000,Madhya Pradesh,Raisen,2.0900831365052936,61164
1997 - 2000,Madhya Pradesh,Rajgarh,2.155605527326097,50875
1997 - 2000,Madhya Pradesh,Ratlam,2.065048332873918,67021
1997 - 2000,Madhya Pradesh,Rewa,2.5545428173075804,81092
1997 - 2000,Madhya Pradesh,Sagar,2.3494121474702676,110369
1997 - 2000,Madhya Pradesh,Satna,2.5356258331340067,97174
1997 - 2000,Madhya Pradesh,Sehore,2.02987196688359,55107
1997 - 2000,Madhya Pradesh,Seoni,2.211901016721281,71981
1997 - 2000,Madhya Pradesh,Shahdol,2.4703019251796783,84534
1997 - 2000,Madhya Pradesh,Shajapur,2.1793054309461564,70459
1997 - 2000,Madhya Pradesh,Sheopur,2.2363900679832502,26784
1997 - 2000,Madhya Pradesh,Shivpuri,2.0889758299113965,63135
1997 - 2000,Madhya Pradesh,Sidhi,2.3705993736688167,116765
1997 - 2000,Madhya Pradesh,Tikamgarh,2.211433181347412,52480
1997 - 2000,Madhya Pradesh,Ujjain,2.636915226643003,115098
1997 - 2000,Madhya Pradesh,Umaria,2.0640933179788505,29021
1997 - 2000,Madhya Pradesh,Vidisha,2.065004706990836,71256
1997 - 2000,Manipur,Bishnupur,2.5468383919999997,1529
1997 - 2000,Manipur,Chandel,2.60171974575,1507
1997 - 2000,Manipur,Churachandpur,2.74538633275,3036
1997 - 2000,Manipur,Imphal East,2.62220986675,7599
1997 - 2000,Manipur,Imphal West,2.59723900975,10809
1997 - 2000,Manipur,Senapati,2.47030743025,2958
1997 - 2000,Manipur,Tamenglong,3.13947958625,680
1997 - 2000,Manipur,Thoubal,2.4819528795,2141
1997 - 2000,Manipur,Ukhrul,2.5605435455000003,650
1997 - 2000,Meghalaya,East Garo Hills,2.3785872264828045,1018
1997 - 2000,Meghalaya,East Khasi Hills,2.826747701669372,23880
1997 - 2000,Meghalaya,Ri Bhoi,2.688028019894425,3551
1997 - 2000,Meghalaya,South Garo Hills,2.3923357848858,1580
1997 - 2000,Meghalaya,West Garo Hills,2.4517789554989053,13263
1997 - 2000,Meghalaya,West Jaintia Hills,2.736473984853487,7368
1997 - 2000,Meghalaya,West Khasi Hills,2.9423306954899893,3971
1997 - 2000,Mizoram,Aizawl,3.4987710734999995,25325
1997 - 2000,Mizoram,Champhai,3.75124814525,9125
1997 - 2000,Mizoram,Kolasib,3.4750560685000003,7129
1997 - 2000,Mizoram,Lawngtlai,2.7308166500000004,3690
1997 - 2000,Mizoram,Lunglei,3.1641379327499997,14931
1997 - 2000,Mizoram,Mamit,3.4316698845000007,5190
1997 - 2000,Mizoram,Saiha,2.9882454385000004,2802
1997 - 2000,Mizoram,Serchhip,3.64515008425,2910
1997 - 2000,Nagaland,Dimapur,2.890815926029485,19821
1997 - 2000,Nagaland,Kohima,3.1930599377238797,22098
1997 - 2000,Nagaland,Mokokchung,3.5920905322176204,2477
1997 - 2000,Nagaland,Mon,1.9239415011312884,2698
1997 - 2000,Nagaland,Phek,2.877712082445029,4631
1997 - 2000,Nagaland,Tuensang,2.6007165452733654,2061
1997 - 2000,Nagaland,Wokha,2.8928053531160827,3036
1997 - 2000,Nagaland,Zunheboto,2.9090879943440715,825
1997 - 2000,Puducherry,Karaikal,3.036047556,25580
1997 - 2000,Puducherry,Mahe,2.4909881945000003,3620
1997 - 2000,Puducherry,Puducherry,3.175061677,105493
1997 - 2000,Puducherry,Yanam,3.0101791387500003,5060
1997 - 2000,Uttar Pradesh,Agra,2.525463162957264,85716
1997 - 2000,Uttar Pradesh,Aligarh,2.4542184366989126,81740
1997 - 2000,Uttar Pradesh,Allahabad,2.5076391309365587,114484
1997 - 2000,Uttar Pradesh,Auraiyya,2.1463092887372754,37377
1997 - 2000,Uttar Pradesh,Badaun,2.528534961846492,79842
1997 - 2000,Uttar Pradesh,Bagpat,2.2134023849766966,36905
1997 - 2000,Uttar Pradesh,Banda,2.2479494533489577,45584
1997 - 2000,Uttar Pradesh,Barabanki,2.2425609477559503,54787
1997 - 2000,Uttar Pradesh,Bareilly,2.4032311719221617,110422
1997 - 2000,Uttar Pradesh,Bijnor,2.319346086766136,89911
1997 - 2000,Uttar Pradesh,Bulandshahr,2.3820330492605613,67031
1997 - 2000,Uttar Pradesh,Chitrakoot,2.151206946296888,25190
1997 - 2000,Uttar Pradesh,Etah,2.208667454821786,71493
1997 - 2000,Uttar Pradesh,Etawah,2.1772879756031083,35795
1997 - 2000,Uttar Pradesh,Faizabad,2.28880016010923,49432
1997 - 2000,Uttar Pradesh,Farrukhabad,2.1571529565490435,37683
1997 - 2000,Uttar Pradesh,Fatehpur,2.27504677680761,44795
1997 - 2000,Uttar Pradesh,Firozabad,2.2302337536164822,56244
1997 - 2000,Uttar Pradesh,Gautam Buddh Nagar,2.4492203285175647,174517
1997 - 2000,Uttar Pradesh,Ghaziabad,2.51532834296136,135637
1997 - 2000,Uttar Pradesh,Hamirpur,2.2726003857619665,29935
1997 - 2000,Uttar Pradesh,Hardoi,2.3268418914104676,86448
1997 - 2000,Uttar Pradesh,Hathras,2.2914393799552433,34608
1997 - 2000,Uttar Pradesh,Jalaun,2.138122068013539,33279
1997 - 2000,Uttar Pradesh,Jhansi,2.206030150625657,60022
1997 - 2000,Uttar Pradesh,Kannauj,2.1309603941417232,29368
1997 - 2000,Uttar Pradesh,Kanpur Rural,2.064312870873453,45896
1997 - 2000,Uttar Pradesh,Kanpur Urban,2.7252839097886445,112091
1997 - 2000,Uttar Pradesh,Kaushambi,2.2104884137757264,20209
1997 - 2000,Uttar Pradesh,Kheri,2.2890907024502347,63558
1997 - 2000,Uttar Pradesh,Lalitpur,2.3423342643209266,30232
1997 - 2000,Uttar Pradesh,Lucknow,2.5144723080327984,187072
1997 - 2000,Uttar Pradesh,Mahoba,2.2415403754406538,25930
1997 - 2000,Uttar Pradesh,Mainpuri,2.2336743405774477,37651
1997 - 2000,Uttar Pradesh,Mathura,2.4585510623919085,89820
1997 - 2000,Uttar Pradesh,Mau,2.042721252756936,32899
1997 - 2000,Uttar Pradesh,Meerut,2.304482084075902,104209
1997 - 2000,Uttar Pradesh,Moradabad,2.386488247190477,90414
1997 - 2000,Uttar Pradesh,Muzaffarnagar,2.447641366516919,102659
1997 - 2000,Uttar Pradesh,Pilibhit,2.3947315104542217,46485
1997 - 2000,Uttar Pradesh,Pratapgarh,2.5095397938453607,75059
1997 - 2000,Uttar Pradesh,Rae Bareli,2.169520821498837,64822
1997 - 2000,Uttar Pradesh,Rampur,2.3358322847722484,53815
1997 - 2000,Uttar Pradesh,Saharanpur,2.427647293566271,108610
1997 - 2000,Uttar Pradesh,Shahjahanpur,2.238230220346936,68342
1997 - 2000,Uttar Pradesh,Sitapur,2.4392459676670266,108420
1997 - 2000,Uttar Pradesh,Sultanpur,2.3114622770104534,98650
1997 - 2000,Uttar Pradesh,Unnao,2.323251405570684,82481
1997 - 2000,Uttarakhand,Bageshwar,1.90875599375,15545
1997 - 2000,Uttarakhand,Chamoli,1.9282831244999998,44228
1997 - 2000,Uttarakhand,Dehradun,2.7471030915970367,126362
1997 - 2000,Uttarakhand,Haridwar,2.452936178466904,79006
1997 - 2000,Uttarakhand,Nainital,2.4336988896345866,83891
1997 - 2000,Uttarakhand,Pauri Garhwal,2.0007420965,44264
1997 - 2000,Uttarakhand,Udham Singh Nagar,2.322015959646339,96277
1997 - 2000,Uttarakhand,Uttarkashi,2.1215970084999998,23178
