Year,State,District,GDP
1993,Andhra Pradesh,East Godavari,5742.1405265677295
1993,Andhra Pradesh,Vizianagaram,611.3919701969437
1993,Andhra Pradesh,Guntur,5177.086645249754
1993,Andhra Pradesh,Kurnool,1290.005717767837
1993,Andhra Pradesh,Visakhapatnam,5859.467718295921
1993,Andhra Pradesh,Prakasam,1369.2715490148646
1993,Andhra Pradesh,Krishna,3563.882752473067
1993,Andhra Pradesh,West Godavari,6620.147414546637
1993,Andhra Pradesh,Kadapa,1420.92034129421
1993,Andhra Pradesh,Anantapur,1241.257897428516
1993,Andhra Pradesh,Chittoor,2124.222616895841
1993,Andhra Pradesh,Srikakulam,767.8227739257994
1993,Andhra Pradesh,Nellore,1620.296604650398
1993,Haryana,Kurukshetra,3301.3873020539704
1993,Haryana,Ambala,2355.554359099146
1993,Haryana,Panchkula,2014.379234384409
1993,Haryana,Fatehabad,1682.6625555956934
1993,Haryana,Sonipat,2902.0516587315
1993,Haryana,Gurgaon,7820.473751337977
1993,Haryana,Sirsa,816.1420160320455
1993,Haryana,Bhiwani,1551.2587030477137
1993,Haryana,Faridabad,6887.2030649192
1993,Haryana,Panipat,2813.0369690543603
1993,Haryana,Yamunanagar,1286.1953350933766
1993,Haryana,Kaithal,1767.4565052157666
1993,Haryana,Jhajjar,1594.5395927517554
1993,Haryana,Jind,1356.1964047474835
1993,Haryana,Mahendragarh,1336.999832523514
1993,Haryana,Hisar,2423.655349671723
1993,Haryana,Rewari,2417.921237252333
1993,Haryana,Karnal,3469.3055131846645
1993,Haryana,Rohtak,2135.8223360989537
1993,Himachal Pradesh,Mandi,1281.2208978229144
1993,Himachal Pradesh,Una,716.5840770709075
1993,Himachal Pradesh,Hamirpur,2218.236911490052
1993,Himachal Pradesh,Kangra,612.7683084707603
1993,Himachal Pradesh,Bilaspur,881.6208345393726
1993,Himachal Pradesh,Kullu,806.0841916997078
1993,Himachal Pradesh,Kinnaur,477.38533975849975
1993,Himachal Pradesh,Chamba,601.8963319599561
1993,Himachal Pradesh,Solan,966.8074633747341
1993,Himachal Pradesh,Shimla,827.7155659653805
1993,Himachal Pradesh,Sirmaur,1195.2912436240624
1993,Madhya Pradesh,Khandwa,1386.4624148859248
1993,Madhya Pradesh,Raisen,1221.5129329130255
1993,Madhya Pradesh,Barwani,583.2242285721679
1993,Madhya Pradesh,Tikamgarh,630.6147125222517
1993,Madhya Pradesh,Sheopur,432.9859539455813
1993,Madhya Pradesh,Hoshangabad,572.051590586749
1993,Madhya Pradesh,Dindori,198.75869640159263
1993,Madhya Pradesh,Khargone,541.9387665335514
1993,Madhya Pradesh,Chhindwara,1502.4299953437067
1993,Madhya Pradesh,Rewa,1165.5540331694106
1993,Madhya Pradesh,Sehore,1158.7039365463813
1993,Madhya Pradesh,Jabalpur,2070.8978661135143
1993,Madhya Pradesh,Dewas,1057.728416576849
1993,Madhya Pradesh,Mandla,288.75902814335257
1993,Madhya Pradesh,Narsinghpur,1510.6524181156906
1993,Madhya Pradesh,Mandsaur,1474.0828113621294
1993,Madhya Pradesh,Seoni,1109.3942090921705
1993,Madhya Pradesh,Damoh,673.9604476067437
1993,Madhya Pradesh,Rajgarh,740.8265376328125
1993,Madhya Pradesh,Betul,804.3877841889687
1993,Madhya Pradesh,Chhatarpur,642.3699402697767
1993,Madhya Pradesh,Jhabua,436.8550945227812
1993,Madhya Pradesh,Satna,1133.273734840151
1993,Madhya Pradesh,Ujjain,1746.4564799207087
1993,Madhya Pradesh,Umaria,365.0517041146747
1993,Madhya Pradesh,Shajapur,1261.5147954337856
1993,Madhya Pradesh,Katni,1282.2142437762234
1993,Madhya Pradesh,Guna,1165.8848725893852
1993,Madhya Pradesh,Neemuch,1238.753834824779
1993,Madhya Pradesh,Ratlam,1058.9414205932105
1993,Madhya Pradesh,Morena,1181.0636124646048
1993,Madhya Pradesh,Bhind,945.7643200720328
1993,Madhya Pradesh,Shivpuri,1165.4268122380695
1993,Madhya Pradesh,Bhopal,1354.5541809085491
1993,Madhya Pradesh,Panna,474.3052115033275
1993,Madhya Pradesh,Vidisha,1163.2026924261686
1993,Madhya Pradesh,Indore,6135.825765999392
1993,Madhya Pradesh,Balaghat,604.5961071540895
1993,Madhya Pradesh,Gwalior,1201.701592216092
1993,Madhya Pradesh,Sidhi,1807.5909933616608
1993,Madhya Pradesh,Dhar,1167.3111009005015
1993,Madhya Pradesh,Shahdol,1061.846718035786
1993,Madhya Pradesh,Datia,514.7634778933323
1993,Madhya Pradesh,Sagar,1091.4012873216943
1993,Madhya Pradesh,Harda,596.7347867745267
1993,Manipur,Senapati,467.22930839476
1993,Manipur,Ukhrul,335.63396971874994
1993,Manipur,Churachandpur,416.1148829673911
1993,Manipur,Imphal West,904.5976626688471
1993,Manipur,Thoubal,609.7657431014368
1993,Manipur,Tamenglong,179.19402916423238
1993,Manipur,Imphal East,958.3597032453947
1993,Manipur,Bishnupur,823.0036927761066
1993,Manipur,Chandel,257.40779543770685
1993,Meghalaya,West Garo Hills,385.7313847690857
1993,Meghalaya,East Garo Hills,248.79975950693742
1993,Meghalaya,West Khasi Hills,344.7950267103968
1993,Meghalaya,South Garo Hills,418.2551870928331
1993,Meghalaya,East Jaintia Hills,618.0887781600967
1993,Meghalaya,Ri Bhoi,514.1513731447436
1993,Meghalaya,East Khasi Hills,993.70594110534
1993,Mizoram,Champhai,220.91716456133548
1993,Mizoram,Lawngtlai,176.66723086357175
1993,Mizoram,Aizawl,466.7858090405861
1993,Mizoram,Saiha,256.0262968664236
1993,Mizoram,Mamit,199.22787893844082
1993,Mizoram,Lunglei,295.83869885485433
1993,Mizoram,Serchhip,318.0390762906485
1993,Mizoram,Kolasib,238.82369404983936
1993,Uttar Pradesh,Jhansi,1189.3304521305126
1993,Uttar Pradesh,Mainpuri,969.7457473290738
1993,Uttar Pradesh,Sitapur,714.6546488116844
1993,Uttar Pradesh,Allahabad,2542.401946834779
1993,Uttar Pradesh,Pilibhit,1196.8840854084165
1993,Uttar Pradesh,Bareilly,1447.0442390045193
1993,Uttar Pradesh,Bulandshahr,1265.1691978251215
1993,Uttar Pradesh,Aligarh,1708.4811069477973
1993,Uttar Pradesh,Mau,1010.8713837783054
1993,Uttar Pradesh,Pratapgarh,1337.9926086342725
1993,Uttar Pradesh,Mathura,873.6122103153955
1993,Uttar Pradesh,Kanpur Rural,656.2684784474097
1993,Uttar Pradesh,Muzaffarnagar,2647.0126911634725
1993,Uttar Pradesh,Shahjahanpur,1077.492474616973
1993,Uttar Pradesh,Auraiyya,1081.2863533139619
1993,Uttar Pradesh,Chitrakoot,190.99123375040486
1993,Uttar Pradesh,Moradabad,1665.8127759643342
1993,Uttar Pradesh,Sultanpur,799.5904761309962
1993,Uttar Pradesh,Meerut,3614.026958822875
1993,Uttar Pradesh,Fatehpur,559.1975355131244
1993,Uttar Pradesh,Unnao,806.1281875911725
1993,Uttar Pradesh,Hardoi,824.2713592780512
1993,Uttar Pradesh,Bijnor,1786.3675842440014
1993,Uttar Pradesh,Lalitpur,347.5269217497295
1993,Uttar Pradesh,Hamirpur,2218.236911490052
1993,Uttar Pradesh,Kanpur Urban,3021.6256126462017
1993,Uttar Pradesh,Faizabad,731.0741555589783
1993,Uttar Pradesh,Farrukhabad,1289.3018468985915
1993,Uttar Pradesh,Saharanpur,1437.8176531272827
1993,Uttar Pradesh,Rampur,1016.3148756530597
1993,Uttar Pradesh,Barabanki,752.2675817103873
1993,Uttar Pradesh,Kaushambi,327.27313846876507
1993,Uttar Pradesh,Lucknow,3463.1004303392187
1993,Uttar Pradesh,Ghaziabad,4727.476095365707
1993,Uttar Pradesh,Gautam Buddh Nagar,1577.7281546402114
1993,Uttar Pradesh,Firozabad,959.7310909419116
1993,Uttar Pradesh,Kheri,1395.6945783274875
1993,Uttar Pradesh,Agra,2224.6506398506376
1993,Uttar Pradesh,Etah,1216.0052702060975
1993,Uttar Pradesh,Rae Bareli,627.8672854385272
1993,Uttar Pradesh,Mahoba,328.96366303413475
1993,Uttar Pradesh,Kannauj,722.1829120698222
1993,Uttar Pradesh,Bagpat,748.4017236551756
1993,Uttar Pradesh,Jalaun,1314.1960346431995
1993,Uttarakhand,Udham Singh Nagar,1221.4062686453246
1993,Uttarakhand,Chamoli,285.38109140924706
1993,Uttarakhand,Bageshwar,208.94111544981465
1993,Uttarakhand,Nainital,1434.321986038892
1993,Uttarakhand,Uttarkashi,271.62466043021584
1993,Uttarakhand,Pauri Garhwal,364.0091834757322
1993,Uttarakhand,Dehradun,1116.293923595903
1994,Andhra Pradesh,East Godavari,5849.243059671264
1994,Andhra Pradesh,Vizianagaram,609.8522771554598
1994,Andhra Pradesh,Guntur,6095.787770845701
1994,Andhra Pradesh,Kurnool,1547.9264846892013
1994,Andhra Pradesh,Visakhapatnam,6145.695995667607
1994,Andhra Pradesh,Prakasam,1590.1854839871885
1994,Andhra Pradesh,Krishna,3997.862037703887
1994,Andhra Pradesh,West Godavari,7286.474833580462
1994,Andhra Pradesh,Kadapa,1593.4173365651618
1994,Andhra Pradesh,Anantapur,1391.0214891122657
1994,Andhra Pradesh,Chittoor,2602.4369319745942
1994,Andhra Pradesh,Srikakulam,799.8654571360997
1994,Andhra Pradesh,Nellore,1816.7198437768743
1994,Haryana,Kurukshetra,3511.8074518888593
1994,Haryana,Ambala,2411.6280652101964
1994,Haryana,Panchkula,1981.0597969320183
1994,Haryana,Fatehabad,1878.7956919543133
1994,Haryana,Sonipat,2919.2161510571623
1994,Haryana,Gurgaon,9092.247511348318
1994,Haryana,Sirsa,925.8914425550747
1994,Haryana,Bhiwani,1727.0627788049192
1994,Haryana,Faridabad,6985.021631948932
1994,Haryana,Panipat,3091.11628037136
1994,Haryana,Yamunanagar,1365.9686263794654
1994,Haryana,Kaithal,1838.2185811138424
1994,Haryana,Jhajjar,1596.551189627426
1994,Haryana,Jind,1371.4143096895832
1994,Haryana,Mahendragarh,1459.835514649145
1994,Haryana,Hisar,2458.494317593113
1994,Haryana,Rewari,2732.8089375572767
1994,Haryana,Karnal,3604.846909663993
1994,Haryana,Rohtak,2190.4339069176754
1994,Himachal Pradesh,Mandi,1447.5418808488732
1994,Himachal Pradesh,Una,770.5178868929703
1994,Himachal Pradesh,Hamirpur,2248.005642147436
1994,Himachal Pradesh,Kangra,720.3189974750591
1994,Himachal Pradesh,Bilaspur,916.044651383533
1994,Himachal Pradesh,Kullu,892.1389835406347
1994,Himachal Pradesh,Kinnaur,504.877519952432
1994,Himachal Pradesh,Chamba,630.0505120275575
1994,Himachal Pradesh,Solan,1129.9355531503174
1994,Himachal Pradesh,Shimla,861.6461175391196
1994,Himachal Pradesh,Sirmaur,1344.9076598344834
1994,Madhya Pradesh,Khandwa,1519.8361618329734
1994,Madhya Pradesh,Raisen,1228.0806649800618
1994,Madhya Pradesh,Barwani,664.0020252303839
1994,Madhya Pradesh,Tikamgarh,666.5891586949166
1994,Madhya Pradesh,Sheopur,434.4002486163449
1994,Madhya Pradesh,Hoshangabad,620.1584568404592
1994,Madhya Pradesh,Dindori,218.24111413795842
1994,Madhya Pradesh,Khargone,622.284310572481
1994,Madhya Pradesh,Chhindwara,1633.0766737253982
1994,Madhya Pradesh,Rewa,1191.36067090477
1994,Madhya Pradesh,Sehore,1246.4444767059615
1994,Madhya Pradesh,Jabalpur,2121.0113156345465
1994,Madhya Pradesh,Dewas,1123.957106664117
1994,Madhya Pradesh,Mandla,283.5939579406572
1994,Madhya Pradesh,Narsinghpur,1697.2772038571757
1994,Madhya Pradesh,Mandsaur,1549.3718212361318
1994,Madhya Pradesh,Seoni,1099.3494963943058
1994,Madhya Pradesh,Damoh,764.7049953253786
1994,Madhya Pradesh,Rajgarh,799.3090458959413
1994,Madhya Pradesh,Betul,842.7814725049077
1994,Madhya Pradesh,Chhatarpur,649.6772608188321
1994,Madhya Pradesh,Jhabua,469.23137334597953
1994,Madhya Pradesh,Satna,1228.4225478809865
1994,Madhya Pradesh,Ujjain,1827.8640291364773
1994,Madhya Pradesh,Umaria,364.0936280025928
1994,Madhya Pradesh,Shajapur,1307.4317562668905
1994,Madhya Pradesh,Katni,1317.122144794871
1994,Madhya Pradesh,Guna,1248.0373675512676
1994,Madhya Pradesh,Neemuch,1218.8158576819847
1994,Madhya Pradesh,Ratlam,1131.5555493190468
1994,Madhya Pradesh,Morena,1181.4923520819855
1994,Madhya Pradesh,Bhind,1018.9391550222667
1994,Madhya Pradesh,Shivpuri,1147.2355654928822
1994,Madhya Pradesh,Bhopal,1596.3028684278408
1994,Madhya Pradesh,Panna,524.0000932863733
1994,Madhya Pradesh,Vidisha,1154.584860762854
1994,Madhya Pradesh,Indore,6361.311442218975
1994,Madhya Pradesh,Balaghat,616.6399073440507
1994,Madhya Pradesh,Gwalior,1452.7655705971836
1994,Madhya Pradesh,Sidhi,2016.535237995626
1994,Madhya Pradesh,Dhar,1210.1459105497886
1994,Madhya Pradesh,Shahdol,1206.1994057266265
1994,Madhya Pradesh,Datia,523.0743036646135
1994,Madhya Pradesh,Sagar,1146.4750557919149
1994,Madhya Pradesh,Harda,660.6672789198972
1994,Manipur,Senapati,554.9016397719531
1994,Manipur,Ukhrul,364.8664589074724
1994,Manipur,Churachandpur,470.6768928797711
1994,Manipur,Imphal West,998.2067416261723
1994,Manipur,Thoubal,704.6292858828068
1994,Manipur,Tamenglong,205.50300774915505
1994,Manipur,Imphal East,1064.6902533711216
1994,Manipur,Bishnupur,989.8654252877492
1994,Manipur,Chandel,298.25757215262723
1994,Meghalaya,West Garo Hills,441.6292872895015
1994,Meghalaya,East Garo Hills,263.07693069029455
1994,Meghalaya,West Khasi Hills,383.76065385677276
1994,Meghalaya,South Garo Hills,429.0737948680677
1994,Meghalaya,East Jaintia Hills,692.5336775427072
1994,Meghalaya,Ri Bhoi,578.8874917172802
1994,Meghalaya,East Khasi Hills,1167.3684411604802
1994,Mizoram,Champhai,248.0547077541427
1994,Mizoram,Lawngtlai,189.65799195939937
1994,Mizoram,Aizawl,546.7173465455031
1994,Mizoram,Saiha,288.71726723798736
1994,Mizoram,Mamit,218.98922727235703
1994,Mizoram,Lunglei,347.4169281092143
1994,Mizoram,Serchhip,356.1747439671985
1994,Mizoram,Kolasib,273.97486547916117
1994,Uttar Pradesh,Jhansi,1246.5567292786016
1994,Uttar Pradesh,Mainpuri,977.1759166462243
1994,Uttar Pradesh,Sitapur,717.4939600778331
1994,Uttar Pradesh,Allahabad,2830.8875788871296
1994,Uttar Pradesh,Pilibhit,1313.8374507593774
1994,Uttar Pradesh,Bareilly,1508.7284644992435
1994,Uttar Pradesh,Bulandshahr,1485.9042436804102
1994,Uttar Pradesh,Aligarh,1815.9020119580591
1994,Uttar Pradesh,Mau,1006.3134798282769
1994,Uttar Pradesh,Pratapgarh,1323.2069519302113
1994,Uttar Pradesh,Mathura,949.9468722185093
1994,Uttar Pradesh,Kanpur Rural,791.0998399186324
1994,Uttar Pradesh,Muzaffarnagar,3162.248226102763
1994,Uttar Pradesh,Shahjahanpur,1192.9417639298108
1994,Uttar Pradesh,Auraiyya,1160.9352947976856
1994,Uttar Pradesh,Chitrakoot,226.68708605836247
1994,Uttar Pradesh,Moradabad,1756.7525234914158
1994,Uttar Pradesh,Sultanpur,815.3895757596692
1994,Uttar Pradesh,Meerut,3647.207422824968
1994,Uttar Pradesh,Fatehpur,673.7765546802133
1994,Uttar Pradesh,Unnao,800.2912094149701
1994,Uttar Pradesh,Hardoi,828.5178159690296
1994,Uttar Pradesh,Bijnor,1968.6753547164035
1994,Uttar Pradesh,Lalitpur,384.0592361650485
1994,Uttar Pradesh,Hamirpur,2248.005642147436
1994,Uttar Pradesh,Kanpur Urban,3028.543463838045
1994,Uttar Pradesh,Faizabad,770.0827556337999
1994,Uttar Pradesh,Farrukhabad,1289.0133708654505
1994,Uttar Pradesh,Saharanpur,1466.4955821946853
1994,Uttar Pradesh,Rampur,1114.2091775857784
1994,Uttar Pradesh,Barabanki,758.5446254970799
1994,Uttar Pradesh,Kaushambi,340.14188912856287
1994,Uttar Pradesh,Lucknow,3801.6524296631305
1994,Uttar Pradesh,Ghaziabad,5064.92945426417
1994,Uttar Pradesh,Gautam Buddh Nagar,1755.8179369540546
1994,Uttar Pradesh,Firozabad,954.9997399005756
1994,Uttar Pradesh,Kheri,1540.9596758380146
1994,Uttar Pradesh,Agra,2473.008348324085
1994,Uttar Pradesh,Etah,1280.5987001071726
1994,Uttar Pradesh,Rae Bareli,665.5281899513009
1994,Uttar Pradesh,Mahoba,354.6007244431462
1994,Uttar Pradesh,Kannauj,776.1906634589461
1994,Uttar Pradesh,Bagpat,755.619156891617
1994,Uttar Pradesh,Jalaun,1452.6466412905302
1994,Uttarakhand,Udham Singh Nagar,1274.0003967649436
1994,Uttarakhand,Chamoli,281.48213831543
1994,Uttarakhand,Bageshwar,210.98743668214297
1994,Uttarakhand,Nainital,1591.6051271486062
1994,Uttarakhand,Uttarkashi,281.2471854083645
1994,Uttarakhand,Pauri Garhwal,439.2171259531533
1994,Uttarakhand,Dehradun,1235.8972704045498
1995,Andhra Pradesh,East Godavari,6819.831282960803
1995,Andhra Pradesh,Vizianagaram,613.1850648456749
1995,Andhra Pradesh,Guntur,6622.202074444678
1995,Andhra Pradesh,Kurnool,1843.1591379325207
1995,Andhra Pradesh,Visakhapatnam,6575.403179720611
1995,Andhra Pradesh,Prakasam,1861.5647330319046
1995,Andhra Pradesh,Krishna,4555.119309109357
1995,Andhra Pradesh,West Godavari,8574.575988425782
1995,Andhra Pradesh,Kadapa,1732.4763904330246
1995,Andhra Pradesh,Anantapur,1505.5116676009256
1995,Andhra Pradesh,Chittoor,2803.1538043261853
1995,Andhra Pradesh,Srikakulam,842.0070980594533
1995,Andhra Pradesh,Nellore,2134.184330202724
1995,Haryana,Kurukshetra,3217.938322519752
1995,Haryana,Ambala,2434.192475761388
1995,Haryana,Panchkula,2116.605398116291
1995,Haryana,Fatehabad,2018.9611392202291
1995,Haryana,Sonipat,3035.955270279307
1995,Haryana,Gurgaon,9032.270108628092
1995,Haryana,Sirsa,919.7934412560884
1995,Haryana,Bhiwani,1884.927400181861
1995,Haryana,Faridabad,7341.227465673476
1995,Haryana,Panipat,3254.8804274890963
1995,Haryana,Yamunanagar,1361.478924500491
1995,Haryana,Kaithal,1811.6319109688166
1995,Haryana,Jhajjar,1678.1371601743203
1995,Haryana,Jind,1505.7229721917306
1995,Haryana,Mahendragarh,1626.4759283287713
1995,Haryana,Hisar,2835.9709369591783
1995,Haryana,Rewari,2815.349653285103
1995,Haryana,Karnal,3570.942133527114
1995,Haryana,Rohtak,2337.1103295045605
1995,Himachal Pradesh,Mandi,1613.818606246532
1995,Himachal Pradesh,Una,809.2883285318496
1995,Himachal Pradesh,Hamirpur,2514.8949948315194
1995,Himachal Pradesh,Kangra,780.4507304973462
1995,Himachal Pradesh,Bilaspur,995.1108388884368
1995,Himachal Pradesh,Kullu,956.4338050044611
1995,Himachal Pradesh,Kinnaur,543.3917272322826
1995,Himachal Pradesh,Chamba,643.7497572438488
1995,Himachal Pradesh,Solan,1348.1817311432974
1995,Himachal Pradesh,Shimla,902.3280203054137
1995,Himachal Pradesh,Sirmaur,1481.90743734718
1995,Madhya Pradesh,Khandwa,1531.5539517067843
1995,Madhya Pradesh,Raisen,1286.0709897724562
1995,Madhya Pradesh,Barwani,674.3031477020103
1995,Madhya Pradesh,Tikamgarh,685.8581191346867
1995,Madhya Pradesh,Sheopur,477.48659228311004
1995,Madhya Pradesh,Hoshangabad,674.4419592629934
1995,Madhya Pradesh,Dindori,222.88049469242247
1995,Madhya Pradesh,Khargone,737.6725620639412
1995,Madhya Pradesh,Chhindwara,1657.8028080372878
1995,Madhya Pradesh,Rewa,1169.3060112930173
1995,Madhya Pradesh,Sehore,1225.2386821183989
1995,Madhya Pradesh,Jabalpur,2295.844874645319
1995,Madhya Pradesh,Dewas,1254.353026471909
1995,Madhya Pradesh,Mandla,262.1263899575261
1995,Madhya Pradesh,Narsinghpur,1813.6161620488
1995,Madhya Pradesh,Mandsaur,1540.118275570985
1995,Madhya Pradesh,Seoni,1160.2172650560726
1995,Madhya Pradesh,Damoh,880.502472368923
1995,Madhya Pradesh,Rajgarh,844.2869359025731
1995,Madhya Pradesh,Betul,848.9128017698796
1995,Madhya Pradesh,Chhatarpur,672.7529265206084
1995,Madhya Pradesh,Jhabua,509.83926719174883
1995,Madhya Pradesh,Satna,1242.7995853848
1995,Madhya Pradesh,Ujjain,1825.1745820522322
1995,Madhya Pradesh,Umaria,382.80361556251717
1995,Madhya Pradesh,Shajapur,1288.3472078295
1995,Madhya Pradesh,Katni,1330.2016685877502
1995,Madhya Pradesh,Guna,1267.8037575721987
1995,Madhya Pradesh,Neemuch,1313.8743291584206
1995,Madhya Pradesh,Ratlam,1199.378320065027
1995,Madhya Pradesh,Morena,1289.866924249938
1995,Madhya Pradesh,Bhind,1106.9628143692744
1995,Madhya Pradesh,Shivpuri,1193.869923974186
1995,Madhya Pradesh,Bhopal,1745.0517767011997
1995,Madhya Pradesh,Panna,563.8338964166446
1995,Madhya Pradesh,Vidisha,1140.9480609018874
1995,Madhya Pradesh,Indore,6449.219053934809
1995,Madhya Pradesh,Balaghat,649.5944457116743
1995,Madhya Pradesh,Gwalior,1438.8291974093854
1995,Madhya Pradesh,Sidhi,2153.2385047513
1995,Madhya Pradesh,Dhar,1255.4332101495406
1995,Madhya Pradesh,Shahdol,1295.5757828690496
1995,Madhya Pradesh,Datia,529.782002432802
1995,Madhya Pradesh,Sagar,1131.6243678684027
1995,Madhya Pradesh,Harda,692.2405405535487
1995,Manipur,Senapati,595.5049566937607
1995,Manipur,Ukhrul,370.8559386711161
1995,Manipur,Churachandpur,503.9725483312492
1995,Manipur,Imphal West,1080.046069256504
1995,Manipur,Thoubal,824.1891008635312
1995,Manipur,Tamenglong,244.868774158302
1995,Manipur,Imphal East,1267.4716672250556
1995,Manipur,Bishnupur,1077.9462294470036
1995,Manipur,Chandel,350.4826220381331
1995,Meghalaya,West Garo Hills,443.5201007035064
1995,Meghalaya,East Garo Hills,267.06513087946064
1995,Meghalaya,West Khasi Hills,447.2873360478284
1995,Meghalaya,South Garo Hills,451.07812917913765
1995,Meghalaya,East Jaintia Hills,799.7887522455047
1995,Meghalaya,Ri Bhoi,628.7843765998007
1995,Meghalaya,East Khasi Hills,1340.8729027426452
1995,Mizoram,Champhai,286.16539785252337
1995,Mizoram,Lawngtlai,222.17884468099774
1995,Mizoram,Aizawl,586.2999455454406
1995,Mizoram,Saiha,326.96095752484337
1995,Mizoram,Mamit,233.08117946382683
1995,Mizoram,Lunglei,379.60079756709183
1995,Mizoram,Serchhip,430.00316073504985
1995,Mizoram,Kolasib,314.08833579699865
1995,Uttar Pradesh,Jhansi,1375.0487802628934
1995,Uttar Pradesh,Mainpuri,1065.5223667088526
1995,Uttar Pradesh,Sitapur,742.6586833289797
1995,Uttar Pradesh,Allahabad,3389.5787278508224
1995,Uttar Pradesh,Pilibhit,1294.1704207979712
1995,Uttar Pradesh,Bareilly,1584.16750317972
1995,Uttar Pradesh,Bulandshahr,1597.4888102370646
1995,Uttar Pradesh,Aligarh,2000.1592743797705
1995,Uttar Pradesh,Mau,1048.2769507276437
1995,Uttar Pradesh,Pratapgarh,1445.0351014870585
1995,Uttar Pradesh,Mathura,995.4833298939673
1995,Uttar Pradesh,Kanpur Rural,850.3039064062058
1995,Uttar Pradesh,Muzaffarnagar,3352.613154648012
1995,Uttar Pradesh,Shahjahanpur,1267.0092577698742
1995,Uttar Pradesh,Auraiyya,1301.7117592495765
1995,Uttar Pradesh,Chitrakoot,233.53085172175514
1995,Uttar Pradesh,Moradabad,1938.113105134038
1995,Uttar Pradesh,Sultanpur,855.2187542886296
1995,Uttar Pradesh,Meerut,3610.348759211128
1995,Uttar Pradesh,Fatehpur,725.5296993360494
1995,Uttar Pradesh,Unnao,799.0707024383928
1995,Uttar Pradesh,Hardoi,859.2450374325902
1995,Uttar Pradesh,Bijnor,1945.1980976758216
1995,Uttar Pradesh,Lalitpur,400.792049193338
1995,Uttar Pradesh,Hamirpur,2514.8949948315194
1995,Uttar Pradesh,Kanpur Urban,3200.2535300736645
1995,Uttar Pradesh,Faizabad,772.7559764823674
1995,Uttar Pradesh,Farrukhabad,1345.434689958306
1995,Uttar Pradesh,Saharanpur,1645.2403167934253
1995,Uttar Pradesh,Rampur,1113.6216316492328
1995,Uttar Pradesh,Barabanki,783.2524567995024
1995,Uttar Pradesh,Kaushambi,338.9184491061808
1995,Uttar Pradesh,Lucknow,3739.584923430213
1995,Uttar Pradesh,Ghaziabad,4984.877397416326
1995,Uttar Pradesh,Gautam Buddh Nagar,2069.0644268859883
1995,Uttar Pradesh,Firozabad,989.169902936978
1995,Uttar Pradesh,Kheri,1605.0696942932211
1995,Uttar Pradesh,Agra,2515.412709306281
1995,Uttar Pradesh,Etah,1352.4899611326089
1995,Uttar Pradesh,Rae Bareli,665.9829064475924
1995,Uttar Pradesh,Mahoba,369.5708630612242
1995,Uttar Pradesh,Kannauj,857.8874634724542
1995,Uttar Pradesh,Bagpat,785.6671910012343
1995,Uttar Pradesh,Jalaun,1426.297044644246
1995,Uttarakhand,Udham Singh Nagar,1296.7278625679808
1995,Uttarakhand,Chamoli,283.05252184567445
1995,Uttarakhand,Bageshwar,247.99524262599635
1995,Uttarakhand,Nainital,1743.6155755012444
1995,Uttarakhand,Uttarkashi,277.68299878080694
1995,Uttarakhand,Pauri Garhwal,437.86719989263634
1995,Uttarakhand,Dehradun,1311.4793849996993
1996,Andhra Pradesh,East Godavari,7892.338311633975
1996,Andhra Pradesh,Vizianagaram,653.2523906942151
1996,Andhra Pradesh,Guntur,7743.344642391764
1996,Andhra Pradesh,Kurnool,2167.008691803554
1996,Andhra Pradesh,Visakhapatnam,6836.420297005628
1996,Andhra Pradesh,Prakasam,2138.2250185416847
1996,Andhra Pradesh,Krishna,5401.708508134236
1996,Andhra Pradesh,West Godavari,9561.409165750063
1996,Andhra Pradesh,Kadapa,1910.7809732757
1996,Andhra Pradesh,Anantapur,1770.0629732074378
1996,Andhra Pradesh,Chittoor,3282.80526568648
1996,Andhra Pradesh,Srikakulam,918.0065982386203
1996,Andhra Pradesh,Nellore,2267.357283882168
1996,Haryana,Kurukshetra,3475.825228179929
1996,Haryana,Ambala,2619.190661575785
1996,Haryana,Panchkula,2241.6408053265095
1996,Haryana,Fatehabad,2124.544971177693
1996,Haryana,Sonipat,2986.5390732847245
1996,Haryana,Gurgaon,9395.971031076702
1996,Haryana,Sirsa,907.8719600747104
1996,Haryana,Bhiwani,2113.2348805217025
1996,Haryana,Faridabad,7652.177373017386
1996,Haryana,Panipat,3614.3425684188833
1996,Haryana,Yamunanagar,1383.529496792183
1996,Haryana,Kaithal,1898.0380503021374
1996,Haryana,Jhajjar,1656.564986543061
1996,Haryana,Jind,1483.7040607344213
1996,Haryana,Mahendragarh,1672.408203511919
1996,Haryana,Hisar,3122.246747842016
1996,Haryana,Rewari,3067.6541629058333
1996,Haryana,Karnal,3709.0254763409603
1996,Haryana,Rohtak,2549.51639105901
1996,Himachal Pradesh,Mandi,1662.1074811768383
1996,Himachal Pradesh,Una,860.3820149677617
1996,Himachal Pradesh,Hamirpur,2955.6806691319202
1996,Himachal Pradesh,Kangra,890.5384734209715
1996,Himachal Pradesh,Bilaspur,1099.3764969992772
1996,Himachal Pradesh,Kullu,1052.9247589424378
1996,Himachal Pradesh,Kinnaur,551.9144653798427
1996,Himachal Pradesh,Chamba,701.0866752079181
1996,Himachal Pradesh,Solan,1525.832806885327
1996,Himachal Pradesh,Shimla,1007.2256124634886
1996,Himachal Pradesh,Sirmaur,1522.8876353102387
1996,Madhya Pradesh,Khandwa,1609.736890372489
1996,Madhya Pradesh,Raisen,1331.3783106730834
1996,Madhya Pradesh,Barwani,744.2875789293895
1996,Madhya Pradesh,Tikamgarh,685.4603756381781
1996,Madhya Pradesh,Sheopur,521.4083027713848
1996,Madhya Pradesh,Hoshangabad,686.7110509836194
1996,Madhya Pradesh,Dindori,235.45092314441945
1996,Madhya Pradesh,Khargone,752.0459040260617
1996,Madhya Pradesh,Chhindwara,1740.4427224222195
1996,Madhya Pradesh,Rewa,1252.2676965673268
1996,Madhya Pradesh,Sehore,1247.9011435138316
1996,Madhya Pradesh,Jabalpur,2263.647867512264
1996,Madhya Pradesh,Dewas,1324.5942712618132
1996,Madhya Pradesh,Mandla,264.98268372500456
1996,Madhya Pradesh,Narsinghpur,1942.2186459040945
1996,Madhya Pradesh,Mandsaur,1573.2052800587494
1996,Madhya Pradesh,Seoni,1244.7313293499071
1996,Madhya Pradesh,Damoh,975.4574536514953
1996,Madhya Pradesh,Rajgarh,829.8234140309297
1996,Madhya Pradesh,Betul,905.4175990667952
1996,Madhya Pradesh,Chhatarpur,675.2933303420008
1996,Madhya Pradesh,Jhabua,523.0043645225966
1996,Madhya Pradesh,Satna,1261.4184072807952
1996,Madhya Pradesh,Ujjain,2022.3105857071635
1996,Madhya Pradesh,Umaria,389.90111454389495
1996,Madhya Pradesh,Shajapur,1434.0715028545187
1996,Madhya Pradesh,Katni,1417.5431204348342
1996,Madhya Pradesh,Guna,1389.7807579090802
1996,Madhya Pradesh,Neemuch,1373.807835508806
1996,Madhya Pradesh,Ratlam,1291.4005159511535
1996,Madhya Pradesh,Morena,1437.582251544651
1996,Madhya Pradesh,Bhind,1172.1758993529506
1996,Madhya Pradesh,Shivpuri,1265.9842592491527
1996,Madhya Pradesh,Bhopal,2025.182353003266
1996,Madhya Pradesh,Panna,594.1025398845472
1996,Madhya Pradesh,Vidisha,1151.0519701373958
1996,Madhya Pradesh,Indore,6709.044691896698
1996,Madhya Pradesh,Balaghat,722.9558692865184
1996,Madhya Pradesh,Gwalior,1526.9657990689013
1996,Madhya Pradesh,Sidhi,2131.699759100125
1996,Madhya Pradesh,Dhar,1384.4359215538345
1996,Madhya Pradesh,Shahdol,1348.844126808311
1996,Madhya Pradesh,Datia,549.8399185858799
1996,Madhya Pradesh,Sagar,1114.9300284045264
1996,Madhya Pradesh,Harda,787.9455979840933
1996,Manipur,Senapati,680.0719994213463
1996,Manipur,Ukhrul,443.2870872901901
1996,Manipur,Churachandpur,597.9279947442689
1996,Manipur,Imphal West,1218.0776995716376
1996,Manipur,Thoubal,973.7659283670514
1996,Manipur,Tamenglong,259.46429292545946
1996,Manipur,Imphal East,1437.3782680147415
1996,Manipur,Bishnupur,1266.7307078878216
1996,Manipur,Chandel,390.5997280452772
1996,Meghalaya,West Garo Hills,457.8237539887912
1996,Meghalaya,East Garo Hills,278.06257752032604
1996,Meghalaya,West Khasi Hills,493.46015048370026
1996,Meghalaya,South Garo Hills,500.0646432191578
1996,Meghalaya,East Jaintia Hills,849.3245963319772
1996,Meghalaya,Ri Bhoi,654.4800195067015
1996,Meghalaya,East Khasi Hills,1561.45185039822
1996,Mizoram,Champhai,319.79009642200486
1996,Mizoram,Lawngtlai,253.5233858015171
1996,Mizoram,Aizawl,672.0137335422266
1996,Mizoram,Saiha,378.91240237215777
1996,Mizoram,Mamit,278.1749039188147
1996,Mizoram,Lunglei,449.32304747582316
1996,Mizoram,Serchhip,520.1917402549446
1996,Mizoram,Kolasib,341.7300534356048
1996,Uttar Pradesh,Jhansi,1436.045242685421
1996,Uttar Pradesh,Mainpuri,1080.4250811262634
1996,Uttar Pradesh,Sitapur,825.6040600197406
1996,Uttar Pradesh,Allahabad,3381.1111560851473
1996,Uttar Pradesh,Pilibhit,1402.4446847284878
1996,Uttar Pradesh,Bareilly,1662.9604206885178
1996,Uttar Pradesh,Bulandshahr,1586.9168802321274
1996,Uttar Pradesh,Aligarh,2085.711801706959
1996,Uttar Pradesh,Mau,1150.260679507139
1996,Uttar Pradesh,Pratapgarh,1417.7133382058971
1996,Uttar Pradesh,Mathura,1026.2140196284788
1996,Uttar Pradesh,Kanpur Rural,969.4494010967128
1996,Uttar Pradesh,Muzaffarnagar,3571.398775947714
1996,Uttar Pradesh,Shahjahanpur,1264.4650760616698
1996,Uttar Pradesh,Auraiyya,1302.4995842617716
1996,Uttar Pradesh,Chitrakoot,235.4020962811377
1996,Uttar Pradesh,Moradabad,2143.9041988014906
1996,Uttar Pradesh,Sultanpur,845.0245336068333
1996,Uttar Pradesh,Meerut,3770.625462915412
1996,Uttar Pradesh,Fatehpur,835.6135096761627
1996,Uttar Pradesh,Unnao,849.9645318500577
1996,Uttar Pradesh,Hardoi,952.1866837540114
1996,Uttar Pradesh,Bijnor,1950.9516640466345
1996,Uttar Pradesh,Lalitpur,393.8191902239871
1996,Uttar Pradesh,Hamirpur,2955.6806691319202
1996,Uttar Pradesh,Kanpur Urban,3404.5170527139007
1996,Uttar Pradesh,Faizabad,775.5046836787842
1996,Uttar Pradesh,Farrukhabad,1359.7984970359328
1996,Uttar Pradesh,Saharanpur,1832.583851679955
1996,Uttar Pradesh,Rampur,1222.3799254656278
1996,Uttar Pradesh,Barabanki,821.5406637321408
1996,Uttar Pradesh,Kaushambi,348.67063846451583
1996,Uttar Pradesh,Lucknow,3941.2304226348165
1996,Uttar Pradesh,Ghaziabad,4991.738178801258
1996,Uttar Pradesh,Gautam Buddh Nagar,2182.081363972832
1996,Uttar Pradesh,Firozabad,1061.4642920338952
1996,Uttar Pradesh,Kheri,1603.4411248361819
1996,Uttar Pradesh,Agra,2562.014606699258
1996,Uttar Pradesh,Etah,1380.3315462870994
1996,Uttar Pradesh,Rae Bareli,697.2098008298259
1996,Uttar Pradesh,Mahoba,404.79368560770683
1996,Uttar Pradesh,Kannauj,874.4708766018871
1996,Uttar Pradesh,Bagpat,818.1400123021358
1996,Uttar Pradesh,Jalaun,1445.3393368554905
1996,Uttarakhand,Udham Singh Nagar,1432.882304966367
1996,Uttarakhand,Chamoli,308.2502078509527
1996,Uttarakhand,Bageshwar,249.6049401548132
1996,Uttarakhand,Nainital,1889.8719269061842
1996,Uttarakhand,Uttarkashi,301.9296068299547
1996,Uttarakhand,Pauri Garhwal,446.1268246482816
1996,Uttarakhand,Dehradun,1406.7530066677502
1997,Andhra Pradesh,East Godavari,9346.869445224998
1997,Andhra Pradesh,Vizianagaram,726.3413496891977
1997,Andhra Pradesh,Guntur,8516.701851175885
1997,Andhra Pradesh,Kurnool,2310.6063115617585
1997,Andhra Pradesh,Visakhapatnam,7929.296800831546
1997,Andhra Pradesh,Prakasam,2282.006725263357
1997,Andhra Pradesh,Krishna,5422.681050942963
1997,Andhra Pradesh,West Godavari,9778.204487867964
1997,Andhra Pradesh,Kadapa,2243.2073672549336
1997,Andhra Pradesh,Anantapur,2103.8213649273002
1997,Andhra Pradesh,Chittoor,3411.4882493058412
1997,Andhra Pradesh,Srikakulam,1018.5805210784357
1997,Andhra Pradesh,Nellore,2703.5169870383675
1997,Haryana,Kurukshetra,3800.1277011986663
1997,Haryana,Ambala,2823.8354995892737
1997,Haryana,Panchkula,2382.8117511058226
1997,Haryana,Fatehabad,2222.636020260501
1997,Haryana,Sonipat,3017.736120880627
1997,Haryana,Gurgaon,9888.978306015944
1997,Haryana,Sirsa,978.5074710036206
1997,Haryana,Bhiwani,2402.5304091581866
1997,Haryana,Faridabad,8778.915257872395
1997,Haryana,Panipat,3929.202899430458
1997,Haryana,Yamunanagar,1505.2534467038572
1997,Haryana,Kaithal,1979.200956683331
1997,Haryana,Jhajjar,1860.0123367273661
1997,Haryana,Jind,1597.7454132486969
1997,Haryana,Mahendragarh,1814.11397875233
1997,Haryana,Hisar,3117.240803341907
1997,Haryana,Rewari,3145.611313468425
1997,Haryana,Karnal,3986.270822928714
1997,Haryana,Rohtak,2640.1736913742843
1997,Himachal Pradesh,Mandi,1810.8693156673237
1997,Himachal Pradesh,Una,966.237751035404
1997,Himachal Pradesh,Hamirpur,3194.644240720605
1997,Himachal Pradesh,Kangra,1017.3026986330988
1997,Himachal Pradesh,Bilaspur,1259.4371985234434
1997,Himachal Pradesh,Kullu,1203.1847686416927
1997,Himachal Pradesh,Kinnaur,627.7644900998043
1997,Himachal Pradesh,Chamba,817.4526499850219
1997,Himachal Pradesh,Solan,1679.5063323751629
1997,Himachal Pradesh,Shimla,1152.5103738728073
1997,Himachal Pradesh,Sirmaur,1536.412225138618
1997,Madhya Pradesh,Khandwa,1634.3651177467934
1997,Madhya Pradesh,Raisen,1337.2917490060836
1997,Madhya Pradesh,Barwani,810.1949430960346
1997,Madhya Pradesh,Tikamgarh,722.9243038238086
1997,Madhya Pradesh,Sheopur,556.6032644517052
1997,Madhya Pradesh,Hoshangabad,705.8937465083881
1997,Madhya Pradesh,Dindori,259.6002752554209
1997,Madhya Pradesh,Khargone,784.3414697203502
1997,Madhya Pradesh,Chhindwara,1814.3714262045985
1997,Madhya Pradesh,Rewa,1243.1426580561329
1997,Madhya Pradesh,Sehore,1237.1592882270932
1997,Madhya Pradesh,Jabalpur,2326.3476394618187
1997,Madhya Pradesh,Dewas,1434.2906732483773
1997,Madhya Pradesh,Mandla,291.59388815926104
1997,Madhya Pradesh,Narsinghpur,2143.83399358538
1997,Madhya Pradesh,Mandsaur,1718.375068287829
1997,Madhya Pradesh,Seoni,1230.0360434855502
1997,Madhya Pradesh,Damoh,1036.9790108374068
1997,Madhya Pradesh,Rajgarh,957.063401198456
1997,Madhya Pradesh,Betul,950.6288980018373
1997,Madhya Pradesh,Chhatarpur,730.3961570190967
1997,Madhya Pradesh,Jhabua,554.2992839297864
1997,Madhya Pradesh,Satna,1358.1519114085395
1997,Madhya Pradesh,Ujjain,2048.9522894817287
1997,Madhya Pradesh,Umaria,391.20563616098707
1997,Madhya Pradesh,Shajapur,1484.9192283740372
1997,Madhya Pradesh,Katni,1511.7576363333053
1997,Madhya Pradesh,Guna,1611.917211157308
1997,Madhya Pradesh,Neemuch,1469.584326544548
1997,Madhya Pradesh,Ratlam,1465.1955281178061
1997,Madhya Pradesh,Morena,1582.5576741320313
1997,Madhya Pradesh,Bhind,1175.3020576027284
1997,Madhya Pradesh,Shivpuri,1299.418007896808
1997,Madhya Pradesh,Bhopal,2012.4451955077368
1997,Madhya Pradesh,Panna,640.1090878678554
1997,Madhya Pradesh,Vidisha,1168.5732374790255
1997,Madhya Pradesh,Indore,7490.5273861483765
1997,Madhya Pradesh,Balaghat,717.0926865513263
1997,Madhya Pradesh,Gwalior,1640.818124347876
1997,Madhya Pradesh,Sidhi,2382.187593954629
1997,Madhya Pradesh,Dhar,1545.6639908299296
1997,Madhya Pradesh,Shahdol,1556.2619914384643
1997,Madhya Pradesh,Datia,613.2567831561489
1997,Madhya Pradesh,Sagar,1128.1516180457425
1997,Madhya Pradesh,Harda,860.7201802509896
1997,Manipur,Senapati,740.2849329695999
1997,Manipur,Ukhrul,527.4360425758318
1997,Manipur,Churachandpur,649.4344170726972
1997,Manipur,Imphal West,1306.229937122215
1997,Manipur,Thoubal,1077.7512595195424
1997,Manipur,Tamenglong,302.88027921266684
1997,Manipur,Imphal East,1446.2073229095608
1997,Manipur,Bishnupur,1300.7803856560506
1997,Manipur,Chandel,395.792968054092
1997,Meghalaya,West Garo Hills,509.6643899515924
1997,Meghalaya,East Garo Hills,277.2805883890181
1997,Meghalaya,West Khasi Hills,567.4308251074752
1997,Meghalaya,South Garo Hills,532.5733926711243
1997,Meghalaya,East Jaintia Hills,983.7015177187477
1997,Meghalaya,Ri Bhoi,691.9782800779277
1997,Meghalaya,East Khasi Hills,1635.1324250452728
1997,Mizoram,Champhai,381.0859171692991
1997,Mizoram,Lawngtlai,269.1660422312223
1997,Mizoram,Aizawl,725.2797082871933
1997,Mizoram,Saiha,377.3315913838228
1997,Mizoram,Mamit,334.3030414488132
1997,Mizoram,Lunglei,513.1701581569648
1997,Mizoram,Serchhip,599.8237589406722
1997,Mizoram,Kolasib,399.0421671322868
1997,Uttar Pradesh,Jhansi,1516.948100166661
1997,Uttar Pradesh,Mainpuri,1128.287085849916
1997,Uttar Pradesh,Sitapur,852.4732655799562
1997,Uttar Pradesh,Allahabad,3343.857258624241
1997,Uttar Pradesh,Pilibhit,1388.3100108410067
1997,Uttar Pradesh,Bareilly,1708.7795200933456
1997,Uttar Pradesh,Bulandshahr,1712.476699176425
1997,Uttar Pradesh,Aligarh,2079.7780937832067
1997,Uttar Pradesh,Mau,1295.4666915687912
1997,Uttar Pradesh,Pratapgarh,1433.5080756140994
1997,Uttar Pradesh,Mathura,1063.9002646655902
1997,Uttar Pradesh,Kanpur Rural,1036.028624851656
1997,Uttar Pradesh,Muzaffarnagar,3533.5136233012104
1997,Uttar Pradesh,Shahjahanpur,1248.30986023944
1997,Uttar Pradesh,Auraiyya,1304.9758041182874
1997,Uttar Pradesh,Chitrakoot,259.06242877451496
1997,Uttar Pradesh,Moradabad,2254.474681168515
1997,Uttar Pradesh,Sultanpur,960.810735537334
1997,Uttar Pradesh,Meerut,4213.5131727599255
1997,Uttar Pradesh,Fatehpur,918.0767454315946
1997,Uttar Pradesh,Unnao,892.2996796765027
1997,Uttar Pradesh,Hardoi,991.7554064611928
1997,Uttar Pradesh,Bijnor,2225.2821010325224
1997,Uttar Pradesh,Lalitpur,419.58128858936783
1997,Uttar Pradesh,Hamirpur,3194.644240720605
1997,Uttar Pradesh,Kanpur Urban,3558.8290633963647
1997,Uttar Pradesh,Faizabad,853.7770042595666
1997,Uttar Pradesh,Farrukhabad,1574.5624980751513
1997,Uttar Pradesh,Saharanpur,1987.4710210181506
1997,Uttar Pradesh,Rampur,1400.700589205282
1997,Uttar Pradesh,Barabanki,859.9782694426567
1997,Uttar Pradesh,Kaushambi,389.5607810322174
1997,Uttar Pradesh,Lucknow,3964.0976981898243
1997,Uttar Pradesh,Ghaziabad,5566.558570072963
1997,Uttar Pradesh,Gautam Buddh Nagar,2373.052050160988
1997,Uttar Pradesh,Firozabad,1161.9209898546153
1997,Uttar Pradesh,Kheri,1810.592601226838
1997,Uttar Pradesh,Agra,2819.8004388335307
1997,Uttar Pradesh,Etah,1404.8655312222204
1997,Uttar Pradesh,Rae Bareli,710.3925024031981
1997,Uttar Pradesh,Mahoba,435.6170265726997
1997,Uttar Pradesh,Kannauj,934.9863829915512
1997,Uttar Pradesh,Bagpat,854.0939273082856
1997,Uttar Pradesh,Jalaun,1539.1147218058145
1997,Uttarakhand,Udham Singh Nagar,1580.9692035153892
1997,Uttarakhand,Chamoli,319.70981996586505
1997,Uttarakhand,Bageshwar,257.2336483179867
1997,Uttarakhand,Nainital,1900.4843885741682
1997,Uttarakhand,Uttarkashi,332.89380401892544
1997,Uttarakhand,Pauri Garhwal,455.5257178338434
1997,Uttarakhand,Dehradun,1407.8129444324409
1998,Andhra Pradesh,East Godavari,9981.48512686197
1998,Andhra Pradesh,Vizianagaram,782.6395600314752
1998,Andhra Pradesh,Guntur,8458.79622997982
1998,Andhra Pradesh,Kurnool,2365.242096922912
1998,Andhra Pradesh,Visakhapatnam,8329.875792070394
1998,Andhra Pradesh,Prakasam,2527.432366142447
1998,Andhra Pradesh,Krishna,5994.680475509461
1998,Andhra Pradesh,West Godavari,10642.214848678226
1998,Andhra Pradesh,Kadapa,2444.0587997484477
1998,Andhra Pradesh,Anantapur,2241.8855084927573
1998,Andhra Pradesh,Chittoor,3865.3048635844593
1998,Andhra Pradesh,Srikakulam,1051.053006097384
1998,Andhra Pradesh,Nellore,2863.504648260368
1998,Haryana,Kurukshetra,4018.0304522312304
1998,Haryana,Ambala,3017.110314929107
1998,Haryana,Panchkula,2527.2944269886248
1998,Haryana,Fatehabad,2431.7643564893265
1998,Haryana,Sonipat,3373.1486243449563
1998,Haryana,Gurgaon,11326.758544478516
1998,Haryana,Sirsa,1000.3555793538924
1998,Haryana,Bhiwani,2508.933281889245
1998,Haryana,Faridabad,9530.565779309427
1998,Haryana,Panipat,3915.844033644785
1998,Haryana,Yamunanagar,1511.5761271323183
1998,Haryana,Kaithal,1985.7578902404896
1998,Haryana,Jhajjar,1848.0920796975226
1998,Haryana,Jind,1698.069413444035
1998,Haryana,Mahendragarh,1898.0380503021374
1998,Haryana,Hisar,3197.993672724635
1998,Haryana,Rewari,3189.0000270627
1998,Haryana,Karnal,3992.541587896453
1998,Haryana,Rohtak,2653.02944629538
1998,Himachal Pradesh,Mandi,1847.1038602233814
1998,Himachal Pradesh,Una,1046.7823019308867
1998,Himachal Pradesh,Hamirpur,3240.265175381765
1998,Himachal Pradesh,Kangra,1028.681377002403
1998,Himachal Pradesh,Bilaspur,1290.8226893979781
1998,Himachal Pradesh,Kullu,1212.3208314924655
1998,Himachal Pradesh,Kinnaur,678.7296846286008
1998,Himachal Pradesh,Chamba,817.6846817509312
1998,Himachal Pradesh,Solan,1826.0143864511028
1998,Himachal Pradesh,Shimla,1216.1247375371374
1998,Himachal Pradesh,Sirmaur,1534.8030573900562
1998,Madhya Pradesh,Khandwa,1678.6632300058636
1998,Madhya Pradesh,Raisen,1478.1593549496492
1998,Madhya Pradesh,Barwani,903.2853366128617
1998,Madhya Pradesh,Tikamgarh,735.5406705246293
1998,Madhya Pradesh,Sheopur,595.7845363877906
1998,Madhya Pradesh,Hoshangabad,787.4726880633767
1998,Madhya Pradesh,Dindori,291.2948453645302
1998,Madhya Pradesh,Khargone,807.6078461919935
1998,Madhya Pradesh,Chhindwara,1789.0214686399668
1998,Madhya Pradesh,Rewa,1303.5094278362974
1998,Madhya Pradesh,Sehore,1378.073311790891
1998,Madhya Pradesh,Jabalpur,2454.8875132156804
1998,Madhya Pradesh,Dewas,1518.3396507289983
1998,Madhya Pradesh,Mandla,302.7447579196206
1998,Madhya Pradesh,Narsinghpur,2158.604093564088
1998,Madhya Pradesh,Mandsaur,1778.7207435108226
1998,Madhya Pradesh,Seoni,1250.164388998605
1998,Madhya Pradesh,Damoh,1141.0067750563053
1998,Madhya Pradesh,Rajgarh,970.7836727095153
1998,Madhya Pradesh,Betul,1061.232585734403
1998,Madhya Pradesh,Chhatarpur,781.5980047058557
1998,Madhya Pradesh,Jhabua,553.8335880410051
1998,Madhya Pradesh,Satna,1514.6316827610822
1998,Madhya Pradesh,Ujjain,2195.7004333429195
1998,Madhya Pradesh,Umaria,383.6444267250086
1998,Madhya Pradesh,Shajapur,1593.9653164546635
1998,Madhya Pradesh,Katni,1506.6178235312839
1998,Madhya Pradesh,Guna,1653.2591929329376
1998,Madhya Pradesh,Neemuch,1487.5961015517914
1998,Madhya Pradesh,Ratlam,1497.109435319216
1998,Madhya Pradesh,Morena,1562.1167185204592
1998,Madhya Pradesh,Bhind,1295.5798234639958
1998,Madhya Pradesh,Shivpuri,1314.8704373137452
1998,Madhya Pradesh,Bhopal,2102.535740783549
1998,Madhya Pradesh,Panna,636.0484781004351
1998,Madhya Pradesh,Vidisha,1283.7967913498105
1998,Madhya Pradesh,Indore,7343.345606720111
1998,Madhya Pradesh,Balaghat,721.7731071540071
1998,Madhya Pradesh,Gwalior,1747.0475552122991
1998,Madhya Pradesh,Sidhi,2442.7519024740154
1998,Madhya Pradesh,Dhar,1704.3646025462192
1998,Madhya Pradesh,Shahdol,1556.4318769240924
1998,Madhya Pradesh,Datia,673.5044852278393
1998,Madhya Pradesh,Sagar,1221.3262765569584
1998,Madhya Pradesh,Harda,908.2387048142343
1998,Manipur,Senapati,743.1915943342411
1998,Manipur,Ukhrul,553.5434821016388
1998,Manipur,Churachandpur,725.3192938883707
1998,Manipur,Imphal West,1369.3014423370273
1998,Manipur,Thoubal,1110.2543357495654
1998,Manipur,Tamenglong,304.47471322694656
1998,Manipur,Imphal East,1562.4407311807129
1998,Manipur,Bishnupur,1447.8500306081394
1998,Manipur,Chandel,406.0106231294753
1998,Meghalaya,West Garo Hills,517.8801718400863
1998,Meghalaya,East Garo Hills,268.2128436870746
1998,Meghalaya,West Khasi Hills,615.2414414008132
1998,Meghalaya,South Garo Hills,594.9591794317603
1998,Meghalaya,East Jaintia Hills,992.9794609588761
1998,Meghalaya,Ri Bhoi,699.9320510088469
1998,Meghalaya,East Khasi Hills,1732.5952643908365
1998,Mizoram,Champhai,385.4746290696941
1998,Mizoram,Lawngtlai,285.62105663323297
1998,Mizoram,Aizawl,740.3980713591458
1998,Mizoram,Saiha,421.95584527321745
1998,Mizoram,Mamit,330.48610652898924
1998,Mizoram,Lunglei,572.2451972208669
1998,Mizoram,Serchhip,607.3742873244173
1998,Mizoram,Kolasib,426.638224741925
1998,Uttar Pradesh,Jhansi,1627.6354274353373
1998,Uttar Pradesh,Mainpuri,1165.1978495539686
1998,Uttar Pradesh,Sitapur,821.917391622372
1998,Uttar Pradesh,Allahabad,3807.3106750155603
1998,Uttar Pradesh,Pilibhit,1536.3954542820086
1998,Uttar Pradesh,Bareilly,1737.5384428384327
1998,Uttar Pradesh,Bulandshahr,1809.46641461906
1998,Uttar Pradesh,Aligarh,2212.3246008760448
1998,Uttar Pradesh,Mau,1358.1519114085395
1998,Uttar Pradesh,Pratapgarh,1472.5067774775516
1998,Uttar Pradesh,Mathura,1047.8111756821363
1998,Uttar Pradesh,Kanpur Rural,1044.294326410677
1998,Uttar Pradesh,Muzaffarnagar,3883.28101472991
1998,Uttar Pradesh,Shahjahanpur,1381.4771305085699
1998,Uttar Pradesh,Auraiyya,1404.9728805307236
1998,Uttar Pradesh,Chitrakoot,280.44629101944423
1998,Uttar Pradesh,Moradabad,2271.618229834368
1998,Uttar Pradesh,Sultanpur,977.5679897690378
1998,Uttar Pradesh,Meerut,4239.163184334883
1998,Uttar Pradesh,Fatehpur,1005.4131478952247
1998,Uttar Pradesh,Unnao,939.8468179813497
1998,Uttar Pradesh,Hardoi,992.7410310885437
1998,Uttar Pradesh,Bijnor,2426.0640226018445
1998,Uttar Pradesh,Lalitpur,453.4322064372968
1998,Uttar Pradesh,Hamirpur,3240.265175381765
1998,Uttar Pradesh,Kanpur Urban,3903.808756335264
1998,Uttar Pradesh,Faizabad,943.0942738017853
1998,Uttar Pradesh,Farrukhabad,1590.9407327384392
1998,Uttar Pradesh,Saharanpur,2279.865504712991
1998,Uttar Pradesh,Rampur,1479.773743877062
1998,Uttar Pradesh,Barabanki,737.0597007729407
1998,Uttar Pradesh,Kaushambi,420.8748399586204
1998,Uttar Pradesh,Lucknow,4455.265713768827
1998,Uttar Pradesh,Ghaziabad,5671.4384740338655
1998,Uttar Pradesh,Gautam Buddh Nagar,2494.242441161073
1998,Uttar Pradesh,Firozabad,1255.7171082829673
1998,Uttar Pradesh,Kheri,1883.713853015091
1998,Uttar Pradesh,Agra,2805.0953088459028
1998,Uttar Pradesh,Etah,1542.9331522293826
1998,Uttar Pradesh,Rae Bareli,697.5066736222633
1998,Uttar Pradesh,Mahoba,483.94898160247794
1998,Uttar Pradesh,Kannauj,1000.3664989514052
1998,Uttar Pradesh,Bagpat,877.5211744044385
1998,Uttar Pradesh,Jalaun,1559.3057482981205
1998,Uttarakhand,Udham Singh Nagar,1690.50527419422
1998,Uttarakhand,Chamoli,322.72169316773824
1998,Uttarakhand,Bageshwar,271.89163808430243
1998,Uttarakhand,Nainital,1866.7448696758304
1998,Uttarakhand,Uttarkashi,356.63088987383173
1998,Uttarakhand,Pauri Garhwal,457.1795370187382
1998,Uttarakhand,Dehradun,1558.6080497493303
1999,Andhra Pradesh,East Godavari,10919.214988131693
1999,Andhra Pradesh,Vizianagaram,848.9631067948386
1999,Andhra Pradesh,Guntur,8808.768292249493
1999,Andhra Pradesh,Kurnool,2685.252838224324
1999,Andhra Pradesh,Visakhapatnam,9213.963702982111
1999,Andhra Pradesh,Prakasam,2790.5277856575885
1999,Andhra Pradesh,Krishna,6384.7376812081075
1999,Andhra Pradesh,West Godavari,10785.003898843528
1999,Andhra Pradesh,Kadapa,2580.116371657204
1999,Andhra Pradesh,Anantapur,2311.6406361763793
1999,Andhra Pradesh,Chittoor,4298.470653484948
1999,Andhra Pradesh,Srikakulam,1073.7236277287075
1999,Andhra Pradesh,Nellore,3202.8146345390774
1999,Haryana,Kurukshetra,4447.005914285373
1999,Haryana,Ambala,3139.2997539793428
1999,Haryana,Panchkula,2496.1490100349274
1999,Haryana,Fatehabad,2484.351732601985
1999,Haryana,Sonipat,3374.916453760225
1999,Haryana,Gurgaon,11847.003307493042
1999,Haryana,Sirsa,1058.7449351300934
1999,Haryana,Bhiwani,2857.5719661913317
1999,Haryana,Faridabad,10751.504295353932
1999,Haryana,Panipat,4005.3313249328203
1999,Haryana,Yamunanagar,1665.1037727258267
1999,Haryana,Kaithal,2027.5933622892085
1999,Haryana,Jhajjar,2016.0510364041327
1999,Haryana,Jind,1751.8598539893494
1999,Haryana,Mahendragarh,2191.462279284024
1999,Haryana,Hisar,3481.977093987053
1999,Haryana,Rewari,3559.372962334415
1999,Haryana,Karnal,3915.715803718839
1999,Haryana,Rohtak,2637.350916990981
1999,Himachal Pradesh,Mandi,1880.8168447376154
1999,Himachal Pradesh,Una,1104.3438573370638
1999,Himachal Pradesh,Hamirpur,3333.9438745418706
1999,Himachal Pradesh,Kangra,1132.989250735461
1999,Himachal Pradesh,Bilaspur,1393.4416301047454
1999,Himachal Pradesh,Kullu,1235.930997440023
1999,Himachal Pradesh,Kinnaur,671.0388237354672
1999,Himachal Pradesh,Chamba,880.5052184482236
1999,Himachal Pradesh,Solan,1902.3938904176728
1999,Himachal Pradesh,Shimla,1360.4220498818754
1999,Himachal Pradesh,Sirmaur,1555.990213230276
1999,Madhya Pradesh,Khandwa,1844.726234343975
1999,Madhya Pradesh,Raisen,1639.7617387354671
1999,Madhya Pradesh,Barwani,919.0794336244321
1999,Madhya Pradesh,Tikamgarh,838.4641974534449
1999,Madhya Pradesh,Sheopur,667.8892369563281
1999,Madhya Pradesh,Hoshangabad,858.1028718241333
1999,Madhya Pradesh,Dindori,295.7934924783812
1999,Madhya Pradesh,Khargone,831.9547923780707
1999,Madhya Pradesh,Chhindwara,1949.546639614332
1999,Madhya Pradesh,Rewa,1402.3681437948185
1999,Madhya Pradesh,Sehore,1530.5702988983844
1999,Madhya Pradesh,Jabalpur,2696.3259659065925
1999,Madhya Pradesh,Dewas,1615.2990195769476
1999,Madhya Pradesh,Mandla,336.21699827783067
1999,Madhya Pradesh,Narsinghpur,2384.1386280943025
1999,Madhya Pradesh,Mandsaur,1747.0475552122991
1999,Madhya Pradesh,Seoni,1231.3660004115054
1999,Madhya Pradesh,Damoh,1155.6850008291133
1999,Madhya Pradesh,Rajgarh,962.1646250505844
1999,Madhya Pradesh,Betul,1163.5709672235241
1999,Madhya Pradesh,Chhatarpur,856.6709541750647
1999,Madhya Pradesh,Jhabua,572.9890056171548
1999,Madhya Pradesh,Satna,1682.8278700145395
1999,Madhya Pradesh,Ujjain,2422.9147007610213
1999,Madhya Pradesh,Umaria,403.41302722327634
1999,Madhya Pradesh,Shajapur,1748.9556135142373
1999,Madhya Pradesh,Katni,1655.1732194488266
1999,Madhya Pradesh,Guna,1786.8356305495047
1999,Madhya Pradesh,Neemuch,1687.4448539307143
1999,Madhya Pradesh,Ratlam,1634.7754931293994
1999,Madhya Pradesh,Morena,1696.2168704654987
1999,Madhya Pradesh,Bhind,1388.173628703114
1999,Madhya Pradesh,Shivpuri,1464.5878984441126
1999,Madhya Pradesh,Bhopal,2227.712468754545
1999,Madhya Pradesh,Panna,671.1780099254838
1999,Madhya Pradesh,Vidisha,1297.745373265765
1999,Madhya Pradesh,Indore,7408.965371519529
1999,Madhya Pradesh,Balaghat,790.7803955884242
1999,Madhya Pradesh,Gwalior,1911.3233433854598
1999,Madhya Pradesh,Sidhi,2447.3424599062605
1999,Madhya Pradesh,Dhar,1863.019647114664
1999,Madhya Pradesh,Shahdol,1814.1931894620072
1999,Madhya Pradesh,Datia,667.0877687765527
1999,Madhya Pradesh,Sagar,1337.0436159332667
1999,Madhya Pradesh,Harda,950.193174871037
1999,Manipur,Senapati,826.2441607654048
1999,Manipur,Ukhrul,605.8777790419592
1999,Manipur,Churachandpur,751.3648593785153
1999,Manipur,Imphal West,1372.4438757312594
1999,Manipur,Thoubal,1322.5427097688444
1999,Manipur,Tamenglong,310.9198571747861
1999,Manipur,Imphal East,1599.59516983839
1999,Manipur,Bishnupur,1494.4806947828192
1999,Manipur,Chandel,483.2574528134501
1999,Meghalaya,West Garo Hills,582.1302564938835
1999,Meghalaya,East Garo Hills,291.6702886958942
1999,Meghalaya,West Khasi Hills,640.479517189903
1999,Meghalaya,South Garo Hills,632.9525668140234
1999,Meghalaya,East Jaintia Hills,998.806206062459
1999,Meghalaya,Ri Bhoi,765.6132985391704
1999,Meghalaya,East Khasi Hills,1720.7213176070754
1999,Mizoram,Champhai,440.7299434590306
1999,Mizoram,Lawngtlai,323.24700539905984
1999,Mizoram,Aizawl,822.1776140778501
1999,Mizoram,Saiha,474.9476379254173
1999,Mizoram,Mamit,369.1098793002826
1999,Mizoram,Lunglei,635.8541069772791
1999,Mizoram,Serchhip,658.2989121394478
1999,Mizoram,Kolasib,471.75448260192337
1999,Uttar Pradesh,Jhansi,1635.8108104005876
1999,Uttar Pradesh,Mainpuri,1204.8670382200012
1999,Uttar Pradesh,Sitapur,676.2522756766385
1999,Uttar Pradesh,Allahabad,4237.127650226694
1999,Uttar Pradesh,Pilibhit,1625.1677274092265
1999,Uttar Pradesh,Bareilly,2007.968880521667
1999,Uttar Pradesh,Bulandshahr,2070.4458112636385
1999,Uttar Pradesh,Aligarh,2408.201734904591
1999,Uttar Pradesh,Mau,1425.8456160078485
1999,Uttar Pradesh,Pratapgarh,1451.9491187708945
1999,Uttar Pradesh,Mathura,1113.1181434645075
1999,Uttar Pradesh,Kanpur Rural,1152.7871760703529
1999,Uttar Pradesh,Muzaffarnagar,3969.6835540764946
1999,Uttar Pradesh,Shahjahanpur,1538.745156333442
1999,Uttar Pradesh,Auraiyya,1622.2610072175335
1999,Uttar Pradesh,Chitrakoot,314.0853971132654
1999,Uttar Pradesh,Moradabad,2423.9992993365477
1999,Uttar Pradesh,Sultanpur,1046.4852598663106
1999,Uttar Pradesh,Meerut,4337.506665367406
1999,Uttar Pradesh,Fatehpur,1058.8142787772697
1999,Uttar Pradesh,Unnao,1003.0234979221159
1999,Uttar Pradesh,Hardoi,983.9270362712981
1999,Uttar Pradesh,Bijnor,2519.7743650761145
1999,Uttar Pradesh,Lalitpur,481.52506658188315
1999,Uttar Pradesh,Hamirpur,3333.9438745418706
1999,Uttar Pradesh,Kanpur Urban,4285.970602430977
1999,Uttar Pradesh,Faizabad,950.7741834423288
1999,Uttar Pradesh,Farrukhabad,1826.8517285057408
1999,Uttar Pradesh,Saharanpur,2533.6750830733504
1999,Uttar Pradesh,Rampur,1684.7761290525982
1999,Uttar Pradesh,Barabanki,807.0967049608722
1999,Uttar Pradesh,Kaushambi,497.1311316295763
1999,Uttar Pradesh,Lucknow,4828.285468159448
1999,Uttar Pradesh,Ghaziabad,5720.681746048594
1999,Uttar Pradesh,Gautam Buddh Nagar,2960.572586996367
1999,Uttar Pradesh,Firozabad,1308.4275707593736
1999,Uttar Pradesh,Kheri,1858.2467919396756
1999,Uttar Pradesh,Agra,2867.164057423749
1999,Uttar Pradesh,Etah,1721.0218686982835
1999,Uttar Pradesh,Rae Bareli,755.4851374913322
1999,Uttar Pradesh,Mahoba,516.3730176369031
1999,Uttar Pradesh,Kannauj,1058.8142787772697
1999,Uttar Pradesh,Bagpat,955.6958254414792
1999,Uttar Pradesh,Jalaun,1570.1686698536844
1999,Uttarakhand,Udham Singh Nagar,1668.032633433064
1999,Uttarakhand,Chamoli,360.23036479267967
1999,Uttarakhand,Bageshwar,284.488450362536
1999,Uttarakhand,Nainital,1965.4867662021663
1999,Uttarakhand,Uttarkashi,384.48708469192457
1999,Uttarakhand,Pauri Garhwal,471.996571662096
1999,Uttarakhand,Dehradun,1663.7774750576048
2000,Andhra Pradesh,East Godavari,11243.216184189276
2000,Andhra Pradesh,Vizianagaram,901.2210529319502
2000,Andhra Pradesh,Guntur,9730.567431844662
2000,Andhra Pradesh,Kurnool,2829.30280152478
2000,Andhra Pradesh,Visakhapatnam,10216.187840445391
2000,Andhra Pradesh,Prakasam,2836.79892265195
2000,Andhra Pradesh,Krishna,7387.613186705496
2000,Andhra Pradesh,West Godavari,12476.839761901616
2000,Andhra Pradesh,Kadapa,2892.292336630697
2000,Andhra Pradesh,Anantapur,2524.338821835641
2000,Andhra Pradesh,Chittoor,4503.84417525961
2000,Andhra Pradesh,Srikakulam,1175.420092110345
2000,Andhra Pradesh,Nellore,3706.2086896819374
2000,Haryana,Kurukshetra,4762.541072221006
2000,Haryana,Ambala,3585.773800334629
2000,Haryana,Panchkula,2794.826014970134
2000,Haryana,Fatehabad,1803.058545566182
2000,Haryana,Sonipat,3997.665665726957
2000,Haryana,Gurgaon,13911.719063302646
2000,Haryana,Sirsa,1063.1920970978922
2000,Haryana,Bhiwani,3054.2891779739807
2000,Haryana,Faridabad,12015.921435539922
2000,Haryana,Panipat,4748.810536650079
2000,Haryana,Yamunanagar,1973.871887312835
2000,Haryana,Kaithal,2147.839362384558
2000,Haryana,Jhajjar,2136.8017445179235
2000,Haryana,Jind,1869.9263500367106
2000,Haryana,Mahendragarh,2188.4407183035496
2000,Haryana,Hisar,3794.469776046432
2000,Haryana,Rewari,3671.503433968744
2000,Haryana,Karnal,4378.894534457752
2000,Haryana,Rohtak,2735.7861408796384
2000,Himachal Pradesh,Mandi,1959.6169940009509
2000,Himachal Pradesh,Una,1206.7821622414058
2000,Himachal Pradesh,Hamirpur,3903.521131641595
2000,Himachal Pradesh,Kangra,1167.9037527638793
2000,Himachal Pradesh,Bilaspur,1485.5677246700338
2000,Himachal Pradesh,Kullu,1323.6547815463173
2000,Himachal Pradesh,Kinnaur,709.4083758313251
2000,Himachal Pradesh,Chamba,990.6031434167506
2000,Himachal Pradesh,Solan,2259.673179510787
2000,Himachal Pradesh,Shimla,1535.9259446135754
2000,Himachal Pradesh,Sirmaur,1750.8848676777714
2000,Madhya Pradesh,Khandwa,2052.4891127303245
2000,Madhya Pradesh,Raisen,1858.449642848069
2000,Madhya Pradesh,Barwani,1101.4665536446316
2000,Madhya Pradesh,Tikamgarh,921.4300055057852
2000,Madhya Pradesh,Sheopur,789.8831886842174
2000,Madhya Pradesh,Hoshangabad,948.3694583622197
2000,Madhya Pradesh,Dindori,314.2541220732968
2000,Madhya Pradesh,Khargone,853.7537057361316
2000,Madhya Pradesh,Chhindwara,2149.9621901950823
2000,Madhya Pradesh,Rewa,1671.1764155990738
2000,Madhya Pradesh,Sehore,1731.045140224902
2000,Madhya Pradesh,Jabalpur,3047.096313439027
2000,Madhya Pradesh,Dewas,1731.0262448338376
2000,Madhya Pradesh,Mandla,361.5125564161198
2000,Madhya Pradesh,Narsinghpur,2427.1500309463518
2000,Madhya Pradesh,Mandsaur,2021.6925844172488
2000,Madhya Pradesh,Seoni,1268.7233899958435
2000,Madhya Pradesh,Damoh,1308.14909465175
2000,Madhya Pradesh,Rajgarh,974.9890647663186
2000,Madhya Pradesh,Betul,1169.287777516897
2000,Madhya Pradesh,Chhatarpur,947.7112948615573
2000,Madhya Pradesh,Jhabua,615.9335541221343
2000,Madhya Pradesh,Satna,1857.5004912413517
2000,Madhya Pradesh,Ujjain,2467.8645026095355
2000,Madhya Pradesh,Umaria,430.1782068025641
2000,Madhya Pradesh,Shajapur,1772.4217541988519
2000,Madhya Pradesh,Katni,1636.6502553159296
2000,Madhya Pradesh,Guna,1829.5857284521067
2000,Madhya Pradesh,Neemuch,1770.6659035342095
2000,Madhya Pradesh,Ratlam,1681.3956844570525
2000,Madhya Pradesh,Morena,1941.1546677417655
2000,Madhya Pradesh,Bhind,1643.4064553647077
2000,Madhya Pradesh,Shivpuri,1672.1343944255896
2000,Madhya Pradesh,Bhopal,2646.478208326487
2000,Madhya Pradesh,Panna,718.3132544798567
2000,Madhya Pradesh,Vidisha,1497.174804475854
2000,Madhya Pradesh,Indore,8045.9551904937525
2000,Madhya Pradesh,Balaghat,919.8743397306114
2000,Madhya Pradesh,Gwalior,2244.7358192023557
2000,Madhya Pradesh,Sidhi,2591.547905507235
2000,Madhya Pradesh,Dhar,2081.549615011808
2000,Madhya Pradesh,Shahdol,1864.4844205878821
2000,Madhya Pradesh,Datia,748.8953118383464
2000,Madhya Pradesh,Sagar,1550.3513593218465
2000,Madhya Pradesh,Harda,946.1670276850842
2000,Manipur,Senapati,841.9015387844247
2000,Manipur,Ukhrul,712.9513995981787
2000,Manipur,Churachandpur,789.2626418301112
2000,Manipur,Imphal West,1486.9045198061738
2000,Manipur,Thoubal,1443.8350108893858
2000,Manipur,Tamenglong,346.5034323212346
2000,Manipur,Imphal East,1712.9415118545887
2000,Manipur,Bishnupur,1504.5963569808416
2000,Manipur,Chandel,558.1547236527281
2000,Meghalaya,West Garo Hills,635.2879927116651
2000,Meghalaya,East Garo Hills,325.87859474305014
2000,Meghalaya,West Khasi Hills,651.7751607131165
2000,Meghalaya,South Garo Hills,675.9091119781356
2000,Meghalaya,East Jaintia Hills,1053.032802116568
2000,Meghalaya,Ri Bhoi,825.3157260491016
2000,Meghalaya,East Khasi Hills,1897.0645384688814
2000,Mizoram,Champhai,482.5695459445624
2000,Mizoram,Lawngtlai,325.3870080650597
2000,Mizoram,Aizawl,828.2940117583577
2000,Mizoram,Saiha,547.0800093384124
2000,Mizoram,Mamit,409.58058845802213
2000,Mizoram,Lunglei,728.8789254985687
2000,Mizoram,Serchhip,843.5960227919783
2000,Mizoram,Kolasib,558.2278399443647
2000,Uttar Pradesh,Jhansi,1652.6240813408149
2000,Uttar Pradesh,Mainpuri,1410.4585860830452
2000,Uttar Pradesh,Sitapur,735.6289938296907
2000,Uttar Pradesh,Allahabad,4561.91783941071
2000,Uttar Pradesh,Pilibhit,1795.7518472653794
2000,Uttar Pradesh,Bareilly,2294.4705302839693
2000,Uttar Pradesh,Bulandshahr,2366.933791768782
2000,Uttar Pradesh,Aligarh,2805.7077648357354
2000,Uttar Pradesh,Mau,1677.3993699463879
2000,Uttar Pradesh,Pratapgarh,1551.9971578712075
2000,Uttar Pradesh,Mathura,1176.174766616843
2000,Uttar Pradesh,Kanpur Rural,1172.8670367805769
2000,Uttar Pradesh,Muzaffarnagar,4292.783109533737
2000,Uttar Pradesh,Shahjahanpur,1541.7546535457484
2000,Uttar Pradesh,Auraiyya,1831.0841764445026
2000,Uttar Pradesh,Chitrakoot,358.58851263806605
2000,Uttar Pradesh,Moradabad,2704.077747780907
2000,Uttar Pradesh,Sultanpur,1099.3944977710078
2000,Uttar Pradesh,Meerut,4875.420530634824
2000,Uttar Pradesh,Fatehpur,1259.5128125045674
2000,Uttar Pradesh,Unnao,1146.3999710831442
2000,Uttar Pradesh,Hardoi,1174.5581998709145
2000,Uttar Pradesh,Bijnor,2983.215720189557
2000,Uttar Pradesh,Lalitpur,510.56365878014367
2000,Uttar Pradesh,Hamirpur,3903.521131641595
2000,Uttar Pradesh,Kanpur Urban,4426.761582793357
2000,Uttar Pradesh,Faizabad,952.7273117989032
2000,Uttar Pradesh,Farrukhabad,1907.9881208623551
2000,Uttar Pradesh,Saharanpur,2808.8180409586107
2000,Uttar Pradesh,Rampur,1882.644933792479
2000,Uttar Pradesh,Barabanki,857.6487043783751
2000,Uttar Pradesh,Kaushambi,530.583128676229
2000,Uttar Pradesh,Lucknow,4872.015741447771
2000,Uttar Pradesh,Ghaziabad,6406.414258704434
2000,Uttar Pradesh,Gautam Buddh Nagar,3047.2626232613347
2000,Uttar Pradesh,Firozabad,1497.7387319387258
2000,Uttar Pradesh,Kheri,2047.83431162382
2000,Uttar Pradesh,Agra,3119.0787884014026
2000,Uttar Pradesh,Etah,1979.7627476238529
2000,Uttar Pradesh,Rae Bareli,878.5419012481822
2000,Uttar Pradesh,Mahoba,539.2962167392509
2000,Uttar Pradesh,Kannauj,1152.4789232834605
2000,Uttar Pradesh,Bagpat,1131.2035814256822
2000,Uttar Pradesh,Jalaun,1656.6337014469684
2000,Uttarakhand,Udham Singh Nagar,1904.7522782380436
2000,Uttarakhand,Chamoli,419.0869394731994
2000,Uttarakhand,Bageshwar,301.7451006742872
2000,Uttarakhand,Nainital,2214.9825836092446
2000,Uttarakhand,Uttarkashi,460.4649981415585
2000,Uttarakhand,Pauri Garhwal,540.9517583107022
2000,Uttarakhand,Dehradun,1893.4648174131928
