Year,State,District,People,Avg. Syllabic Count
1993,Andhra Pradesh,Anantapur,79012,2.389105452336354
1993,Andhra Pradesh,Chittoor,57325,1.941648495420846
1993,Andhra Pradesh,East Godavari,85874,2.8879404709225143
1993,Andhra Pradesh,Guntur,81195,2.8036578607057083
1993,Andhra Pradesh,Kadapa,43471,2.8342573209726023
1993,Andhra Pradesh,Krishna,68163,2.743863973123249
1993,Andhra Pradesh,Kurnool,64426,2.142194145220873
1993,Andhra Pradesh,Nellore,44309,2.856259450675936
1993,Andhra Pradesh,Prakasam,47473,2.9566490426136967
1993,Andhra Pradesh,Srikakulam,47123,2.9880313222842347
1993,Andhra Pradesh,Visakhapatnam,66401,2.8450926943871333
1993,Andhra Pradesh,Vizianagaram,38462,2.9789922520929752
1993,Andhra Pradesh,West Godavari,67002,2.8473776902182024
1993,Haryana,Ambala,11266,3.0577844842890114
1993,Haryana,Bhiwani,23682,2.839667257832953
1993,Haryana,Faridabad,29828,2.8404183988199008
1993,Haryana,Fatehabad,15921,3.052948935368381
1993,Haryana,Gurgaon,17693,2.8112247781608546
1993,Haryana,Hisar,19190,2.8413757165190203
1993,Haryana,Jhajjar,13573,2.795992043026597
1993,Haryana,Jind,18668,2.8602956931647743
1993,Haryana,Kaithal,15720,2.9560432569974555
1993,Haryana,Karnal,20806,2.8628760934345863
1993,Haryana,Kurukshetra,15370,3.020754716981132
1993,Haryana,Mahendragarh,14271,2.8545301660710534
1993,Haryana,Panchkula,6342,2.9608956165247555
1993,Haryana,Panipat,18217,2.787121919086568
1993,Haryana,Rewari,12810,2.805152224824356
1993,Haryana,Rohtak,14804,2.784517697919481
1993,Haryana,Sirsa,20280,3.1348619329388563
1993,Haryana,Sonipat,17837,2.7717104894320794
1993,Haryana,Yamunanagar,9469,2.9662055127257365
1993,Himachal Pradesh,Bilaspur,5018,2.759266640095656
1993,Himachal Pradesh,Chamba,6351,2.66383246732798
1993,Himachal Pradesh,Hamirpur,28334,2.9354132843933085
1993,Himachal Pradesh,Kangra,17887,2.799183764745346
1993,Himachal Pradesh,Kinnaur,793,2.7831021437578816
1993,Himachal Pradesh,Kullu,5667,2.632433386271396
1993,Himachal Pradesh,Mandi,9636,2.6642797841427983
1993,Himachal Pradesh,Shimla,7521,2.7665204095200107
1993,Himachal Pradesh,Sirmaur,4907,2.8418585693906664
1993,Himachal Pradesh,Solan,5168,2.8808049535603715
1993,Himachal Pradesh,Una,5175,2.8894685990338163
1993,Madhya Pradesh,Balaghat,30062,3.1830217550395847
1993,Madhya Pradesh,Barwani,20556,2.9718330414477525
1993,Madhya Pradesh,Betul,27982,3.003537988707026
1993,Madhya Pradesh,Bhind,22644,3.0295000883236183
1993,Madhya Pradesh,Bhopal,37071,2.8408459442691054
1993,Madhya Pradesh,Chhatarpur,25500,3.2173333333333334
1993,Madhya Pradesh,Chhindwara,33201,3.1326767266046205
1993,Madhya Pradesh,Damoh,19509,3.0184017632887383
1993,Madhya Pradesh,Datia,12521,3.021404041210766
1993,Madhya Pradesh,Dewas,22829,2.916509702571291
1993,Madhya Pradesh,Dhar,31390,2.9878942338324306
1993,Madhya Pradesh,Dindori,5079,3.0882063398306747
1993,Madhya Pradesh,Guna,17013,2.8774466584376652
1993,Madhya Pradesh,Gwalior,28988,2.8780184904098247
1993,Madhya Pradesh,Harda,9265,2.9477603885590935
1993,Madhya Pradesh,Hoshangabad,18378,2.9592991620415714
1993,Madhya Pradesh,Indore,48914,2.8270638263073966
1993,Madhya Pradesh,Jabalpur,24878,2.8248653428732213
1993,Madhya Pradesh,Jhabua,22903,2.7514299436755008
1993,Madhya Pradesh,Katni,21944,2.822548304775793
1993,Madhya Pradesh,Khandwa,22256,2.972816319194824
1993,Madhya Pradesh,Khargone,28941,2.9949207007359804
1993,Madhya Pradesh,Mandla,14671,2.9879353827278305
1993,Madhya Pradesh,Mandsaur,15959,3.2230716210288866
1993,Madhya Pradesh,Morena,28853,3.023013204866045
1993,Madhya Pradesh,Narsinghpur,14385,2.9826903023983315
1993,Madhya Pradesh,Neemuch,8817,3.247249631393898
1993,Madhya Pradesh,Panna,16611,2.9855517428210216
1993,Madhya Pradesh,Raisen,20787,3.009092221099726
1993,Madhya Pradesh,Rajgarh,20637,3.1137277705092794
1993,Madhya Pradesh,Ratlam,20001,2.944652767361632
1993,Madhya Pradesh,Rewa,37913,3.0107614802310554
1993,Madhya Pradesh,Sagar,37800,2.9917460317460316
1993,Madhya Pradesh,Satna,27462,2.914135896875683
1993,Madhya Pradesh,Sehore,20439,2.888937814961593
1993,Madhya Pradesh,Seoni,15488,3.2556172520661155
1993,Madhya Pradesh,Shahdol,19097,3.019531863643504
1993,Madhya Pradesh,Shajapur,6876,3.0594822571262363
1993,Madhya Pradesh,Sheopur,12610,3.0763679619349724
1993,Madhya Pradesh,Shivpuri,30787,3.0417708773183487
1993,Madhya Pradesh,Sidhi,20710,3.0258812168034765
1993,Madhya Pradesh,Tikamgarh,24075,3.199044652128764
1993,Madhya Pradesh,Ujjain,21479,2.9841240281204904
1993,Madhya Pradesh,Umaria,10427,2.971516255874173
1993,Madhya Pradesh,Vidisha,19891,3.0484138555125435
1993,Manipur,Bishnupur,4469,2.4649809800850297
1993,Manipur,Chandel,846,1.9267139479905437
1993,Manipur,Churachandpur,4598,2.5869943453675512
1993,Manipur,Imphal East,8251,2.4056478002666344
1993,Manipur,Imphal West,9852,2.493605359317905
1993,Manipur,Senapati,3985,2.0140526976160604
1993,Manipur,Tamenglong,1741,2.9345203905801265
1993,Manipur,Thoubal,8460,2.286524822695036
1993,Manipur,Ukhrul,2278,1.9315188762071995
1993,Meghalaya,East Garo Hills,2202,2.3814713896457764
1993,Meghalaya,East Jaintia Hills,2567,2.3319049474094284
1993,Meghalaya,East Khasi Hills,14257,2.74230202707442
1993,Meghalaya,Ri Bhoi,4622,2.59043704024232
1993,Meghalaya,South Garo Hills,3249,2.3653431825176976
1993,Meghalaya,West Garo Hills,7358,2.426202772492525
1993,Meghalaya,West Khasi Hills,6230,2.8529695024077046
1993,Mizoram,Aizawl,12441,3.011574632264288
1993,Mizoram,Champhai,2267,3.7891486546096163
1993,Mizoram,Kolasib,2654,3.212509419743784
1993,Mizoram,Lawngtlai,5206,2.7320399538993465
1993,Mizoram,Lunglei,5067,2.8202091967633707
1993,Mizoram,Mamit,2170,3.333640552995392
1993,Mizoram,Saiha,1196,1.9590301003344481
1993,Mizoram,Serchhip,1872,3.243589743589743
1993,Uttar Pradesh,Agra,106265,2.8616007151931493
1993,Uttar Pradesh,Aligarh,73925,2.880798106188705
1993,Uttar Pradesh,Allahabad,120289,2.808802134858549
1993,Uttar Pradesh,Auraiyya,30772,2.8050500454959053
1993,Uttar Pradesh,Bagpat,26679,2.8257805764833765
1993,Uttar Pradesh,Barabanki,68021,2.8282442186971672
1993,Uttar Pradesh,Bareilly,95651,2.909441615874377
1993,Uttar Pradesh,Bijnor,94274,2.8488130343466915
1993,Uttar Pradesh,Bulandshahr,74030,2.883898419559638
1993,Uttar Pradesh,Chitrakoot,21375,3.1796023391812867
1993,Uttar Pradesh,Etah,38431,2.8714058962816478
1993,Uttar Pradesh,Faizabad,2197,3.0487027765134282
1993,Uttar Pradesh,Farrukhabad,42867,2.9532040963911634
1993,Uttar Pradesh,Fatehpur,55771,2.978734467734127
1993,Uttar Pradesh,Firozabad,55635,2.8458524310236366
1993,Uttar Pradesh,Gautam Buddh Nagar,37965,2.829843276702226
1993,Uttar Pradesh,Ghaziabad,62718,2.814837845594566
1993,Uttar Pradesh,Hamirpur,28334,2.9354132843933085
1993,Uttar Pradesh,Hardoi,69855,2.9121465893636818
1993,Uttar Pradesh,Jalaun,34643,2.871402592154259
1993,Uttar Pradesh,Jhansi,38247,2.97076894919863
1993,Uttar Pradesh,Kannauj,29668,2.915059997303492
1993,Uttar Pradesh,Kanpur Rural,34268,2.8536243725925066
1993,Uttar Pradesh,Kanpur Urban,80702,2.7873039082054967
1993,Uttar Pradesh,Kaushambi,34914,2.8964885146359625
1993,Uttar Pradesh,Kheri,84673,2.941008349769112
1993,Uttar Pradesh,Lalitpur,32819,3.140954934641518
1993,Uttar Pradesh,Lucknow,96511,2.7640372600014507
1993,Uttar Pradesh,Mahoba,17535,3.1005988023952096
1993,Uttar Pradesh,Mainpuri,38934,2.8850105306415985
1993,Uttar Pradesh,Mathura,51962,2.9179977675993998
1993,Uttar Pradesh,Mau,43,2.8372093023255816
1993,Uttar Pradesh,Meerut,71094,2.8080147410470646
1993,Uttar Pradesh,Moradabad,75578,2.8417793537802005
1993,Uttar Pradesh,Muzaffarnagar,67994,2.845236344383328
1993,Uttar Pradesh,Pilibhit,53890,2.929708665800705
1993,Uttar Pradesh,Pratapgarh,70822,2.8391883877891053
1993,Uttar Pradesh,Rae Bareli,42025,2.8801903628792385
1993,Uttar Pradesh,Rampur,64357,2.9770188169119134
1993,Uttar Pradesh,Saharanpur,84416,2.9020327899924183
1993,Uttar Pradesh,Shahjahanpur,65371,3.0409508803597927
1993,Uttar Pradesh,Sitapur,94388,2.940352587193287
1993,Uttar Pradesh,Sultanpur,44043,2.875144744908385
1993,Uttar Pradesh,Unnao,55896,2.863067124660083
1993,Uttarakhand,Bageshwar,4284,2.749766573295985
1993,Uttarakhand,Chamoli,316,2.8037974683544302
1993,Uttarakhand,Dehradun,30993,2.8284451327719164
1993,Uttarakhand,Nainital,7336,2.774263904034896
1993,Uttarakhand,Pauri Garhwal,13403,2.8226516451540697
1993,Uttarakhand,Udham Singh Nagar,1127,2.9183673469387754
1993,Uttarakhand,Uttarkashi,4629,2.950097213220998
1994,Andhra Pradesh,Anantapur,70614,2.50511230067692
1994,Andhra Pradesh,Chittoor,57620,2.016851787573759
1994,Andhra Pradesh,East Godavari,80228,2.826955676322481
1994,Andhra Pradesh,Guntur,80312,2.7834321147524648
1994,Andhra Pradesh,Kadapa,43844,2.823966791351154
1994,Andhra Pradesh,Krishna,64246,2.71358528157395
1994,Andhra Pradesh,Kurnool,69806,2.2544193908833052
1994,Andhra Pradesh,Nellore,44598,2.824566124041437
1994,Andhra Pradesh,Prakasam,50177,2.9383582119297684
1994,Andhra Pradesh,Srikakulam,46928,2.974556767814524
1994,Andhra Pradesh,Visakhapatnam,67950,2.8134363502575424
1994,Andhra Pradesh,Vizianagaram,35923,2.958355371210645
1994,Andhra Pradesh,West Godavari,66178,2.7900057420895163
1994,Haryana,Ambala,10229,3.0526933229054647
1994,Haryana,Bhiwani,21928,2.8376960963152134
1994,Haryana,Faridabad,26644,2.85178651854076
1994,Haryana,Fatehabad,15206,3.0647112981717743
1994,Haryana,Gurgaon,16444,2.808197518851861
1994,Haryana,Hisar,17964,2.838399020262748
1994,Haryana,Jhajjar,12239,2.799738540730452
1994,Haryana,Jind,17983,2.8664850136239783
1994,Haryana,Kaithal,15191,2.9589230465407157
1994,Haryana,Karnal,20813,2.88175659443617
1994,Haryana,Kurukshetra,13458,3.0193193639470945
1994,Haryana,Mahendragarh,13368,2.839093357271095
1994,Haryana,Panchkula,5644,2.9741318214032595
1994,Haryana,Panipat,17225,2.7927431059506533
1994,Haryana,Rewari,11608,2.8159889731219847
1994,Haryana,Rohtak,13174,2.7967208137240016
1994,Haryana,Sirsa,20651,3.1431891918066923
1994,Haryana,Sonipat,16978,2.779773824949935
1994,Haryana,Yamunanagar,8895,2.9814502529510962
1994,Himachal Pradesh,Bilaspur,4856,2.770387149917628
1994,Himachal Pradesh,Chamba,6427,2.681188735024117
1994,Himachal Pradesh,Hamirpur,28298,2.935119089688317
1994,Himachal Pradesh,Kangra,17409,2.8055603423516566
1994,Himachal Pradesh,Kinnaur,948,2.7341772151898733
1994,Himachal Pradesh,Kullu,6476,2.64005558987029
1994,Himachal Pradesh,Mandi,10021,2.6688953198283603
1994,Himachal Pradesh,Shimla,8038,2.7607613834287137
1994,Himachal Pradesh,Sirmaur,4988,2.8255813953488373
1994,Himachal Pradesh,Solan,4898,2.8685177623519804
1994,Himachal Pradesh,Una,5170,2.8833655705996133
1994,Madhya Pradesh,Balaghat,29268,3.156758234249009
1994,Madhya Pradesh,Barwani,24056,2.9523611572996336
1994,Madhya Pradesh,Betul,28419,2.983039515816884
1994,Madhya Pradesh,Bhind,23008,2.991003129346314
1994,Madhya Pradesh,Bhopal,37944,2.8303289057558514
1994,Madhya Pradesh,Chhatarpur,27592,3.199441867207886
1994,Madhya Pradesh,Chhindwara,34724,3.10877203087202
1994,Madhya Pradesh,Damoh,20898,2.9938750119628668
1994,Madhya Pradesh,Datia,13131,2.9926129007691715
1994,Madhya Pradesh,Dewas,25888,2.8933868974042025
1994,Madhya Pradesh,Dhar,35515,2.9700408278192314
1994,Madhya Pradesh,Dindori,5906,3.093972231628852
1994,Madhya Pradesh,Guna,18945,2.885721826339404
1994,Madhya Pradesh,Gwalior,31139,2.877195799479752
1994,Madhya Pradesh,Harda,9486,2.956989247311828
1994,Madhya Pradesh,Hoshangabad,18044,2.93072489470184
1994,Madhya Pradesh,Indore,53949,2.822999499527332
1994,Madhya Pradesh,Jabalpur,25837,2.8301660409490266
1994,Madhya Pradesh,Jhabua,25566,2.731792224047563
1994,Madhya Pradesh,Katni,23928,2.834378134403209
1994,Madhya Pradesh,Khandwa,21920,2.9485857664233577
1994,Madhya Pradesh,Khargone,32396,2.9735152487961476
1994,Madhya Pradesh,Mandla,15941,2.9730882629697013
1994,Madhya Pradesh,Mandsaur,17806,3.17982702459845
1994,Madhya Pradesh,Morena,29591,3.000101382177013
1994,Madhya Pradesh,Narsinghpur,14758,3.0015584767583685
1994,Madhya Pradesh,Neemuch,9505,3.2300894266175697
1994,Madhya Pradesh,Panna,18176,2.9804137323943665
1994,Madhya Pradesh,Raisen,22585,3.010892185078592
1994,Madhya Pradesh,Rajgarh,23688,3.116767983789261
1994,Madhya Pradesh,Ratlam,21458,2.9423525025631467
1994,Madhya Pradesh,Rewa,38007,2.9884231852027257
1994,Madhya Pradesh,Sagar,41034,2.989033484427548
1994,Madhya Pradesh,Satna,28993,2.9208084710102438
1994,Madhya Pradesh,Sehore,23539,2.8779472365011256
1994,Madhya Pradesh,Seoni,16510,3.1772864930345244
1994,Madhya Pradesh,Shahdol,19141,2.9982237082702055
1994,Madhya Pradesh,Shajapur,7724,2.993785603314345
1994,Madhya Pradesh,Sheopur,13813,3.0448128574531235
1994,Madhya Pradesh,Shivpuri,34889,3.0296941729484934
1994,Madhya Pradesh,Sidhi,26995,2.9984071124282274
1994,Madhya Pradesh,Tikamgarh,27847,3.1579703379179085
1994,Madhya Pradesh,Ujjain,23794,2.9715894763385733
1994,Madhya Pradesh,Umaria,12195,2.9814678146781466
1994,Madhya Pradesh,Vidisha,22979,3.00052221593629
1994,Manipur,Bishnupur,4419,2.463905861054537
1994,Manipur,Chandel,913,1.9123767798466595
1994,Manipur,Churachandpur,4686,2.569995731967563
1994,Manipur,Imphal East,7875,2.4184126984126983
1994,Manipur,Imphal West,9012,2.496338215712384
1994,Manipur,Senapati,4453,2.045587244554233
1994,Manipur,Tamenglong,1750,2.9177142857142857
1994,Manipur,Thoubal,8341,2.2812612396595133
1994,Manipur,Ukhrul,2239,1.877177311299688
1994,Meghalaya,East Garo Hills,2377,2.393773664282709
1994,Meghalaya,East Jaintia Hills,3029,2.3674480026411358
1994,Meghalaya,East Khasi Hills,14859,2.763375731879669
1994,Meghalaya,Ri Bhoi,5248,2.6282393292682933
1994,Meghalaya,South Garo Hills,3901,2.3911817482696742
1994,Meghalaya,West Garo Hills,8021,2.4398454058097494
1994,Meghalaya,West Khasi Hills,6407,2.872014983611675
1994,Mizoram,Aizawl,12417,3.031489087541274
1994,Mizoram,Champhai,2406,3.7539484621778887
1994,Mizoram,Kolasib,2859,3.2381951731374605
1994,Mizoram,Lawngtlai,5014,2.7475069804547267
1994,Mizoram,Lunglei,4978,2.8252310164724785
1994,Mizoram,Mamit,2078,3.3171318575553417
1994,Mizoram,Saiha,1412,1.9936260623229465
1994,Mizoram,Serchhip,2131,3.352416705771938
1994,Uttar Pradesh,Agra,91859,2.833026703970216
1994,Uttar Pradesh,Aligarh,83125,2.8699428571428567
1994,Uttar Pradesh,Allahabad,146768,2.7893750681347442
1994,Uttar Pradesh,Auraiyya,32757,2.7871599963366607
1994,Uttar Pradesh,Bagpat,24772,2.8156789924107866
1994,Uttar Pradesh,Barabanki,62254,2.791676036881164
1994,Uttar Pradesh,Bareilly,100869,2.8968166631968195
1994,Uttar Pradesh,Bijnor,98522,2.826323054749193
1994,Uttar Pradesh,Bulandshahr,76596,2.8686093268577992
1994,Uttar Pradesh,Chitrakoot,19532,3.0664038500921564
1994,Uttar Pradesh,Etah,38704,2.8301209177346007
1994,Uttar Pradesh,Faizabad,1820,3.021428571428572
1994,Uttar Pradesh,Farrukhabad,48058,2.9223230263431685
1994,Uttar Pradesh,Fatehpur,64731,2.9387001591200512
1994,Uttar Pradesh,Firozabad,48239,2.8208088890731564
1994,Uttar Pradesh,Gautam Buddh Nagar,33604,2.833680514224497
1994,Uttar Pradesh,Ghaziabad,53118,2.8145261493279112
1994,Uttar Pradesh,Hamirpur,28298,2.935119089688317
1994,Uttar Pradesh,Hardoi,110392,2.8928273787955647
1994,Uttar Pradesh,Jalaun,30473,2.8572178649952416
1994,Uttar Pradesh,Jhansi,34991,2.9344974421994228
1994,Uttar Pradesh,Kannauj,31428,2.8882843324424083
1994,Uttar Pradesh,Kanpur Rural,37205,2.82838328181696
1994,Uttar Pradesh,Kanpur Urban,72013,2.7770819157652094
1994,Uttar Pradesh,Kaushambi,47093,2.8924468604675853
1994,Uttar Pradesh,Kheri,122470,2.9354045888789093
1994,Uttar Pradesh,Lalitpur,23092,3.087822622553265
1994,Uttar Pradesh,Lucknow,86904,2.754717849581146
1994,Uttar Pradesh,Mahoba,15875,3.055307086614173
1994,Uttar Pradesh,Mainpuri,41973,2.8518809711004693
1994,Uttar Pradesh,Mathura,50971,2.883208098722803
1994,Uttar Pradesh,Mau,59,2.8135593220338984
1994,Uttar Pradesh,Meerut,63509,2.811302335102112
1994,Uttar Pradesh,Moradabad,90482,2.8277336928891934
1994,Uttar Pradesh,Muzaffarnagar,59690,2.8221645166694587
1994,Uttar Pradesh,Pilibhit,59045,2.923024811584385
1994,Uttar Pradesh,Pratapgarh,77384,2.816279851132017
1994,Uttar Pradesh,Rae Bareli,35811,2.845941191254084
1994,Uttar Pradesh,Rampur,83846,2.9703504043126685
1994,Uttar Pradesh,Saharanpur,89801,2.9018607810603445
1994,Uttar Pradesh,Shahjahanpur,76926,3.0456152666198686
1994,Uttar Pradesh,Sitapur,86742,2.935532959811856
1994,Uttar Pradesh,Sultanpur,50610,2.8595139300533488
1994,Uttar Pradesh,Unnao,66996,2.8506477998686486
1994,Uttarakhand,Bageshwar,4339,2.732196358607974
1994,Uttarakhand,Chamoli,368,2.760869565217391
1994,Uttarakhand,Dehradun,33927,2.834998673622778
1994,Uttarakhand,Nainital,7495,2.781454302868579
1994,Uttarakhand,Pauri Garhwal,13168,2.8027794653705955
1994,Uttarakhand,Udham Singh Nagar,1290,2.9356589147286822
1994,Uttarakhand,Uttarkashi,4887,2.95170861469204
1995,Andhra Pradesh,Anantapur,64023,2.6012526748199867
1995,Andhra Pradesh,Chittoor,54804,2.131997664404058
1995,Andhra Pradesh,East Godavari,69846,2.7798585459439344
1995,Andhra Pradesh,Guntur,70437,2.7552848644888344
1995,Andhra Pradesh,Kadapa,40332,2.8011504512545877
1995,Andhra Pradesh,Krishna,58272,2.6744233937397035
1995,Andhra Pradesh,Kurnool,66301,2.342905838524306
1995,Andhra Pradesh,Nellore,38386,2.8139946855624447
1995,Andhra Pradesh,Prakasam,49966,2.9279510066845456
1995,Andhra Pradesh,Srikakulam,43020,2.9700836820083683
1995,Andhra Pradesh,Visakhapatnam,69452,2.7878822784081088
1995,Andhra Pradesh,Vizianagaram,33196,2.9365586215206654
1995,Andhra Pradesh,West Godavari,59441,2.717972443263068
1995,Haryana,Ambala,9102,3.0607558778290485
1995,Haryana,Bhiwani,21002,2.8388724883344443
1995,Haryana,Faridabad,24118,2.863587362136164
1995,Haryana,Fatehabad,14428,3.063418353202107
1995,Haryana,Gurgaon,15495,2.8311713455953536
1995,Haryana,Hisar,16640,2.850420673076924
1995,Haryana,Jhajjar,11575,2.8234125269978403
1995,Haryana,Jind,16078,2.862980470207737
1995,Haryana,Kaithal,13910,2.9700215672178287
1995,Haryana,Karnal,18703,2.8826391487996577
1995,Haryana,Kurukshetra,12831,3.023069129452108
1995,Haryana,Mahendragarh,12913,2.8692015798032986
1995,Haryana,Panchkula,5183,2.9808990931892727
1995,Haryana,Panipat,15610,2.801537475976938
1995,Haryana,Rewari,11287,2.821121644369629
1995,Haryana,Rohtak,12093,2.806003473083602
1995,Haryana,Sirsa,18974,3.1607462843891643
1995,Haryana,Sonipat,16161,2.7919683187921542
1995,Haryana,Yamunanagar,8500,3.0168235294117647
1995,Himachal Pradesh,Bilaspur,4383,2.753593429158111
1995,Himachal Pradesh,Chamba,6155,2.6554021121039804
1995,Himachal Pradesh,Hamirpur,23894,2.9194776931447226
1995,Himachal Pradesh,Kangra,15741,2.80452321961756
1995,Himachal Pradesh,Kinnaur,830,2.8228915662650604
1995,Himachal Pradesh,Kullu,5777,2.6506837458888697
1995,Himachal Pradesh,Mandi,9355,2.6763228220203104
1995,Himachal Pradesh,Shimla,7171,2.7733928322409707
1995,Himachal Pradesh,Sirmaur,4563,2.8356344510190663
1995,Himachal Pradesh,Solan,4426,2.871441482150926
1995,Himachal Pradesh,Una,4669,2.887556221889056
1995,Madhya Pradesh,Balaghat,28677,3.1489695574850924
1995,Madhya Pradesh,Barwani,27998,2.92503035931138
1995,Madhya Pradesh,Betul,29892,2.9912685668406263
1995,Madhya Pradesh,Bhind,21270,2.9856605547719792
1995,Madhya Pradesh,Bhopal,31826,2.814365613020801
1995,Madhya Pradesh,Chhatarpur,30839,3.1597328058627063
1995,Madhya Pradesh,Chhindwara,34771,3.1086250035949496
1995,Madhya Pradesh,Damoh,20517,2.94955402836672
1995,Madhya Pradesh,Datia,12243,2.9831740586457567
1995,Madhya Pradesh,Dewas,28177,2.8847286794193847
1995,Madhya Pradesh,Dhar,42293,2.9330149197266686
1995,Madhya Pradesh,Dindori,6251,3.093425051991681
1995,Madhya Pradesh,Guna,23228,2.888970208369209
1995,Madhya Pradesh,Gwalior,29440,2.8740149456521737
1995,Madhya Pradesh,Harda,10323,2.961832800542478
1995,Madhya Pradesh,Hoshangabad,16187,2.9335269043059244
1995,Madhya Pradesh,Indore,48908,2.8245685777377934
1995,Madhya Pradesh,Jabalpur,23842,2.8383944299974835
1995,Madhya Pradesh,Jhabua,33447,2.7482285406762936
1995,Madhya Pradesh,Katni,23347,2.8617381248126104
1995,Madhya Pradesh,Khandwa,25941,2.9448363594310165
1995,Madhya Pradesh,Khargone,33928,2.947034897429852
1995,Madhya Pradesh,Mandla,15316,2.9578871768085664
1995,Madhya Pradesh,Mandsaur,19526,3.0810201782239064
1995,Madhya Pradesh,Morena,26518,2.998152198506675
1995,Madhya Pradesh,Narsinghpur,14360,2.9795961002785516
1995,Madhya Pradesh,Neemuch,10594,3.2092693977723235
1995,Madhya Pradesh,Panna,21394,3.003692624100214
1995,Madhya Pradesh,Raisen,22554,3.0232331293783807
1995,Madhya Pradesh,Rajgarh,29060,3.093289745354439
1995,Madhya Pradesh,Ratlam,27719,2.9398968216746635
1995,Madhya Pradesh,Rewa,35479,2.970038614391612
1995,Madhya Pradesh,Sagar,46236,2.9831084003806563
1995,Madhya Pradesh,Satna,27732,2.9083729987018607
1995,Madhya Pradesh,Sehore,23301,2.860907257199262
1995,Madhya Pradesh,Seoni,16439,3.12141857777237
1995,Madhya Pradesh,Shahdol,19401,3.0079377351682903
1995,Madhya Pradesh,Shajapur,8636,2.9834414080592877
1995,Madhya Pradesh,Sheopur,16346,3.052367551694604
1995,Madhya Pradesh,Shivpuri,40480,3.021121541501976
1995,Madhya Pradesh,Sidhi,29901,3.0012374168088023
1995,Madhya Pradesh,Tikamgarh,31952,3.1259076114171256
1995,Madhya Pradesh,Ujjain,24970,2.9596716059271126
1995,Madhya Pradesh,Umaria,12794,2.976238861966547
1995,Madhya Pradesh,Vidisha,26806,3.035999403118705
1995,Manipur,Bishnupur,3881,2.4439577428497805
1995,Manipur,Chandel,1149,1.8624891209747607
1995,Manipur,Churachandpur,4317,2.5471392170488767
1995,Manipur,Imphal East,7067,2.409367482665912
1995,Manipur,Imphal West,7520,2.5105053191489364
1995,Manipur,Senapati,4311,2.028995592669914
1995,Manipur,Tamenglong,1941,2.942297784647089
1995,Manipur,Thoubal,7886,2.2883591174232816
1995,Manipur,Ukhrul,2789,1.9404804589458584
1995,Meghalaya,East Garo Hills,2662,2.39519158527423
1995,Meghalaya,East Jaintia Hills,3279,2.408356206160415
1995,Meghalaya,East Khasi Hills,18101,2.790398320534777
1995,Meghalaya,Ri Bhoi,6237,2.623697290363957
1995,Meghalaya,South Garo Hills,3257,2.382560638624501
1995,Meghalaya,West Garo Hills,9174,2.4311096577283617
1995,Meghalaya,West Khasi Hills,6881,2.8962360122075284
1995,Mizoram,Aizawl,9380,2.993816631130064
1995,Mizoram,Champhai,2544,3.756682389937107
1995,Mizoram,Kolasib,2640,3.223863636363636
1995,Mizoram,Lawngtlai,4522,2.7240159221583364
1995,Mizoram,Lunglei,6486,3.0884983040394696
1995,Mizoram,Mamit,2092,3.2777246653919696
1995,Mizoram,Saiha,1374,1.9861717612809315
1995,Mizoram,Serchhip,3183,3.4351240967640586
1995,Uttar Pradesh,Agra,75610,2.835180531675704
1995,Uttar Pradesh,Aligarh,70549,2.8476945101985853
1995,Uttar Pradesh,Allahabad,94706,2.803666082402382
1995,Uttar Pradesh,Auraiyya,20790,2.794901394901395
1995,Uttar Pradesh,Bagpat,21287,2.8349696998167886
1995,Uttar Pradesh,Barabanki,36069,2.7548310183259863
1995,Uttar Pradesh,Bareilly,90232,2.863762301622484
1995,Uttar Pradesh,Bijnor,77780,2.8043841604525586
1995,Uttar Pradesh,Bulandshahr,66130,2.8428852260698623
1995,Uttar Pradesh,Chitrakoot,23794,3.07375809027486
1995,Uttar Pradesh,Etah,31054,2.8085270818574095
1995,Uttar Pradesh,Faizabad,1544,2.911917098445596
1995,Uttar Pradesh,Farrukhabad,32774,2.8685848538475622
1995,Uttar Pradesh,Fatehpur,43838,2.893562662530225
1995,Uttar Pradesh,Firozabad,34203,2.8025319416425463
1995,Uttar Pradesh,Gautam Buddh Nagar,27849,2.8281446371503467
1995,Uttar Pradesh,Ghaziabad,45407,2.820798555288832
1995,Uttar Pradesh,Hamirpur,23894,2.9194776931447226
1995,Uttar Pradesh,Hardoi,62493,2.8848991087001745
1995,Uttar Pradesh,Jalaun,26533,2.875513511476275
1995,Uttar Pradesh,Jhansi,31005,2.9220448314787943
1995,Uttar Pradesh,Kannauj,28522,2.838054834864314
1995,Uttar Pradesh,Kanpur Rural,30663,2.777712552587809
1995,Uttar Pradesh,Kanpur Urban,60758,2.759340333783205
1995,Uttar Pradesh,Kaushambi,25841,2.8243876010990285
1995,Uttar Pradesh,Kheri,65894,2.893252799951437
1995,Uttar Pradesh,Lalitpur,22826,3.0813984053272585
1995,Uttar Pradesh,Lucknow,68096,2.740748355263158
1995,Uttar Pradesh,Mahoba,16043,3.0018699744436828
1995,Uttar Pradesh,Mainpuri,37245,2.8260974627466773
1995,Uttar Pradesh,Mathura,40667,2.8469028942385717
1995,Uttar Pradesh,Mau,27,2.7037037037037037
1995,Uttar Pradesh,Meerut,52823,2.8050849061961647
1995,Uttar Pradesh,Moradabad,61899,2.808720657845845
1995,Uttar Pradesh,Muzaffarnagar,45059,2.7717881000466056
1995,Uttar Pradesh,Pilibhit,32731,2.9204423940606765
1995,Uttar Pradesh,Pratapgarh,53702,2.8154258686827305
1995,Uttar Pradesh,Rae Bareli,36415,2.849869559247563
1995,Uttar Pradesh,Rampur,49928,2.9455616087165515
1995,Uttar Pradesh,Saharanpur,60562,2.850467289719626
1995,Uttar Pradesh,Shahjahanpur,52455,2.9424459060146786
1995,Uttar Pradesh,Sitapur,76358,2.925325440687289
1995,Uttar Pradesh,Sultanpur,44188,2.857427355843216
1995,Uttar Pradesh,Unnao,49222,2.8481776441428632
1995,Uttarakhand,Bageshwar,4199,2.7377947130269122
1995,Uttarakhand,Chamoli,394,2.741116751269036
1995,Uttarakhand,Dehradun,30165,2.837029670147522
1995,Uttarakhand,Nainital,6991,2.792876555571449
1995,Uttarakhand,Pauri Garhwal,10376,2.749036237471087
1995,Uttarakhand,Udham Singh Nagar,1351,2.9008142116950406
1995,Uttarakhand,Uttarkashi,5269,2.9533118238754983
1996,Andhra Pradesh,Anantapur,58291,2.6048446586951672
1996,Andhra Pradesh,Chittoor,51418,2.235637325450232
1996,Andhra Pradesh,East Godavari,62033,2.712411136008253
1996,Andhra Pradesh,Guntur,61791,2.7016232137366285
1996,Andhra Pradesh,Kadapa,39494,2.7581151567326683
1996,Andhra Pradesh,Krishna,54292,2.6214543579164515
1996,Andhra Pradesh,Kurnool,57226,2.4067556704994235
1996,Andhra Pradesh,Nellore,32363,2.7743719679881345
1996,Andhra Pradesh,Prakasam,46257,2.8665283092288734
1996,Andhra Pradesh,Srikakulam,40282,2.9660642470582395
1996,Andhra Pradesh,Visakhapatnam,66156,2.756862567265252
1996,Andhra Pradesh,Vizianagaram,27839,2.906102949100183
1996,Andhra Pradesh,West Godavari,55687,2.6503851886436687
1996,Haryana,Ambala,7748,3.0885389778007237
1996,Haryana,Bhiwani,18889,2.844618561067288
1996,Haryana,Faridabad,18972,2.86943917351887
1996,Haryana,Fatehabad,11736,3.062031356509884
1996,Haryana,Gurgaon,12790,2.8402658326817827
1996,Haryana,Hisar,14556,2.8432948612256115
1996,Haryana,Jhajjar,10364,2.8363566190659983
1996,Haryana,Jind,13782,2.883979103178058
1996,Haryana,Kaithal,12272,2.997962842242503
1996,Haryana,Karnal,14404,2.897945015273536
1996,Haryana,Kurukshetra,11544,3.047037422037422
1996,Haryana,Mahendragarh,8249,2.8474966662625767
1996,Haryana,Panchkula,4118,2.988829528897522
1996,Haryana,Panipat,13358,2.8105255277736187
1996,Haryana,Rewari,10346,2.8273728977382566
1996,Haryana,Rohtak,11075,2.799638826185101
1996,Haryana,Sirsa,14806,3.149533972713765
1996,Haryana,Sonipat,13262,2.8076459055949328
1996,Haryana,Yamunanagar,5932,2.9966284558327723
1996,Himachal Pradesh,Bilaspur,3707,2.7531696789857025
1996,Himachal Pradesh,Chamba,5293,2.672208577366333
1996,Himachal Pradesh,Hamirpur,23748,2.899823143001516
1996,Himachal Pradesh,Kangra,13149,2.7863715871929418
1996,Himachal Pradesh,Kinnaur,702,2.7863247863247858
1996,Himachal Pradesh,Kullu,5032,2.682631160572337
1996,Himachal Pradesh,Mandi,7966,2.683153401958323
1996,Himachal Pradesh,Shimla,5999,2.7804634105684283
1996,Himachal Pradesh,Sirmaur,4128,2.8483527131782944
1996,Himachal Pradesh,Solan,3924,2.8713047910295617
1996,Himachal Pradesh,Una,4428,2.8742095754290875
1996,Madhya Pradesh,Balaghat,28316,3.0913617742619013
1996,Madhya Pradesh,Barwani,29137,2.9180080310258436
1996,Madhya Pradesh,Betul,25293,2.972917407978492
1996,Madhya Pradesh,Bhind,16658,2.92694200984512
1996,Madhya Pradesh,Bhopal,31409,2.826387341207933
1996,Madhya Pradesh,Chhatarpur,23646,3.076038230567538
1996,Madhya Pradesh,Chhindwara,29624,3.083918444504456
1996,Madhya Pradesh,Damoh,17735,2.9158725683676345
1996,Madhya Pradesh,Datia,8962,2.926355724168712
1996,Madhya Pradesh,Dewas,21596,2.8760881644749032
1996,Madhya Pradesh,Dhar,36384,2.9110323218997363
1996,Madhya Pradesh,Dindori,4398,3.1209640745793528
1996,Madhya Pradesh,Guna,18499,2.8722093086112763
1996,Madhya Pradesh,Gwalior,24107,2.87061849255403
1996,Madhya Pradesh,Harda,8978,2.950991312096235
1996,Madhya Pradesh,Hoshangabad,14463,2.9149554034432685
1996,Madhya Pradesh,Indore,41205,2.8257735711685474
1996,Madhya Pradesh,Jabalpur,19208,2.8292378175760096
1996,Madhya Pradesh,Jhabua,21613,2.7421921991394065
1996,Madhya Pradesh,Katni,20579,2.8984401574420526
1996,Madhya Pradesh,Khandwa,18099,2.9149124261008894
1996,Madhya Pradesh,Khargone,31422,2.907007828909681
1996,Madhya Pradesh,Mandla,13053,2.9418524477131696
1996,Madhya Pradesh,Mandsaur,15625,3.077568
1996,Madhya Pradesh,Morena,22088,2.94535494386092
1996,Madhya Pradesh,Narsinghpur,10707,2.990006537779024
1996,Madhya Pradesh,Neemuch,7357,3.0882153051515564
1996,Madhya Pradesh,Panna,15267,2.9088229514639417
1996,Madhya Pradesh,Raisen,17247,2.990954948686728
1996,Madhya Pradesh,Rajgarh,25564,3.025895790956032
1996,Madhya Pradesh,Ratlam,19221,2.9575464335882637
1996,Madhya Pradesh,Rewa,29771,2.9830371838366196
1996,Madhya Pradesh,Sagar,33244,2.9343640957766817
1996,Madhya Pradesh,Satna,20891,2.91618400268058
1996,Madhya Pradesh,Sehore,27940,2.8652827487473167
1996,Madhya Pradesh,Seoni,15170,3.082860909690178
1996,Madhya Pradesh,Shahdol,17449,2.9814316006647945
1996,Madhya Pradesh,Shajapur,7969,2.9629815535198896
1996,Madhya Pradesh,Sheopur,9059,2.9460205320675565
1996,Madhya Pradesh,Shivpuri,38804,3.0142511081331818
1996,Madhya Pradesh,Sidhi,24454,2.9329762002126443
1996,Madhya Pradesh,Tikamgarh,17695,3.062899124046341
1996,Madhya Pradesh,Ujjain,19908,2.9259594133011846
1996,Madhya Pradesh,Umaria,8894,2.9413087474702047
1996,Madhya Pradesh,Vidisha,24316,2.892005264023688
1996,Manipur,Bishnupur,2953,2.4426007450050795
1996,Manipur,Chandel,854,1.7927400468384076
1996,Manipur,Churachandpur,3816,2.5615828092243187
1996,Manipur,Imphal East,6059,2.415250041260934
1996,Manipur,Imphal West,5494,2.5282125955587915
1996,Manipur,Senapati,3613,1.9952947688901197
1996,Manipur,Tamenglong,1820,2.9115384615384614
1996,Manipur,Thoubal,6056,2.224570673712021
1996,Manipur,Ukhrul,2052,1.9717348927875245
1996,Meghalaya,East Garo Hills,2492,2.376003210272873
1996,Meghalaya,East Jaintia Hills,2446,2.4709730171708912
1996,Meghalaya,East Khasi Hills,14462,2.808117826026829
1996,Meghalaya,Ri Bhoi,5143,2.671786894808477
1996,Meghalaya,South Garo Hills,2555,2.390606653620352
1996,Meghalaya,West Garo Hills,10455,2.4352941176470586
1996,Meghalaya,West Khasi Hills,5791,2.924192712830254
1996,Mizoram,Aizawl,6914,3.068556551923633
1996,Mizoram,Champhai,2191,3.7266088544043816
1996,Mizoram,Kolasib,1845,3.2466124661246614
1996,Mizoram,Lawngtlai,2311,2.7174383383816534
1996,Mizoram,Lunglei,3016,2.6627984084880643
1996,Mizoram,Mamit,1533,3.390084801043705
1996,Mizoram,Saiha,1344,2.0193452380952377
1996,Mizoram,Serchhip,1379,3.0986221899927484
1996,Uttar Pradesh,Agra,71409,2.8271366354381096
1996,Uttar Pradesh,Aligarh,77884,2.8070848954855943
1996,Uttar Pradesh,Allahabad,102890,2.797618816211488
1996,Uttar Pradesh,Auraiyya,20553,2.797401839147569
1996,Uttar Pradesh,Bagpat,20875,2.8275449101796406
1996,Uttar Pradesh,Barabanki,45149,2.7651110766572904
1996,Uttar Pradesh,Bareilly,84419,2.8488847297409348
1996,Uttar Pradesh,Bijnor,79172,2.7993482544333856
1996,Uttar Pradesh,Bulandshahr,64864,2.8193913418845584
1996,Uttar Pradesh,Chitrakoot,18010,2.9329816768461967
1996,Uttar Pradesh,Etah,32071,2.7576938667331863
1996,Uttar Pradesh,Faizabad,1769,2.9457320520067833
1996,Uttar Pradesh,Farrukhabad,29708,2.8612494950854988
1996,Uttar Pradesh,Fatehpur,43594,2.878698903518833
1996,Uttar Pradesh,Firozabad,34329,2.804771476011536
1996,Uttar Pradesh,Gautam Buddh Nagar,24547,2.838106489591397
1996,Uttar Pradesh,Ghaziabad,38889,2.82234050759855
1996,Uttar Pradesh,Hamirpur,23748,2.899823143001516
1996,Uttar Pradesh,Hardoi,68369,2.8747531776097355
1996,Uttar Pradesh,Jalaun,26529,2.883335218063252
1996,Uttar Pradesh,Jhansi,30175,2.9281855840927924
1996,Uttar Pradesh,Kannauj,28296,2.8433347469607013
1996,Uttar Pradesh,Kanpur Rural,28460,2.7880885453267745
1996,Uttar Pradesh,Kanpur Urban,55515,2.7646221741871564
1996,Uttar Pradesh,Kaushambi,26001,2.814468674281758
1996,Uttar Pradesh,Kheri,72990,2.903548431291958
1996,Uttar Pradesh,Lalitpur,30847,3.112620352060168
1996,Uttar Pradesh,Lucknow,60648,2.7593655190608097
1996,Uttar Pradesh,Mahoba,16202,3.024194543883472
1996,Uttar Pradesh,Mainpuri,34458,2.8772708804921936
1996,Uttar Pradesh,Mathura,38376,2.8507661038148844
1996,Uttar Pradesh,Mau,58,2.9655172413793105
1996,Uttar Pradesh,Meerut,47201,2.807037986483337
1996,Uttar Pradesh,Moradabad,68723,2.78618511997439
1996,Uttar Pradesh,Muzaffarnagar,42188,2.7567554754906607
1996,Uttar Pradesh,Pilibhit,35920,2.9267260579064587
1996,Uttar Pradesh,Pratapgarh,53095,2.820792918353894
1996,Uttar Pradesh,Rae Bareli,39295,2.8761420027993383
1996,Uttar Pradesh,Rampur,55956,2.9500500393166065
1996,Uttar Pradesh,Saharanpur,59669,2.8484472674252963
1996,Uttar Pradesh,Shahjahanpur,54060,2.9535701072881984
1996,Uttar Pradesh,Sitapur,77572,2.9268808332903617
1996,Uttar Pradesh,Sultanpur,43364,2.8528733511668665
1996,Uttar Pradesh,Unnao,44685,2.8437954570885084
1996,Uttarakhand,Bageshwar,4663,2.742654943169633
1996,Uttarakhand,Chamoli,464,2.743534482758621
1996,Uttarakhand,Dehradun,27994,2.8417875258984067
1996,Uttarakhand,Nainital,6577,2.7746693021134257
1996,Uttarakhand,Pauri Garhwal,11951,2.7614425571081918
1996,Uttarakhand,Udham Singh Nagar,1629,2.9005524861878453
1996,Uttarakhand,Uttarkashi,5941,2.9543847837064465
1997,Andhra Pradesh,Anantapur,42798,2.5397214823122574
1997,Andhra Pradesh,Chittoor,42037,2.205319123629184
1997,Andhra Pradesh,East Godavari,43603,2.639818361121941
1997,Andhra Pradesh,Guntur,40586,2.641083132114522
1997,Andhra Pradesh,Kadapa,30831,2.726152249359411
1997,Andhra Pradesh,Krishna,41434,2.5844475551479458
1997,Andhra Pradesh,Kurnool,37133,2.4405515309832224
1997,Andhra Pradesh,Nellore,20959,2.7330502409466098
1997,Andhra Pradesh,Prakasam,31239,2.8134063190242964
1997,Andhra Pradesh,Srikakulam,31815,2.947100424328147
1997,Andhra Pradesh,Visakhapatnam,61565,2.717290668399253
1997,Andhra Pradesh,Vizianagaram,18245,2.8651137297889835
1997,Andhra Pradesh,West Godavari,43332,2.5862180374780763
1997,Haryana,Ambala,2270,3.040631977800724
1997,Haryana,Bhiwani,2012,2.866096561067288
1997,Haryana,Faridabad,1573,2.89682617351887
1997,Haryana,Fatehabad,1520,3.084497356509884
1997,Haryana,Gurgaon,2238,2.8418628326817825
1997,Haryana,Hisar,2197,2.8727458612256114
1997,Haryana,Jhajjar,2192,2.8187556190659984
1997,Haryana,Jind,1671,2.894244103178058
1997,Haryana,Kaithal,2255,2.991207842242503
1997,Haryana,Karnal,2154,2.934380015273536
1997,Haryana,Kurukshetra,1897,3.031316422037422
1997,Haryana,Mahendragarh,2145,2.830547666262577
1997,Haryana,Panchkula,1526,2.971606528897522
1997,Haryana,Panipat,2278,2.8115455277736188
1997,Haryana,Rewari,2210,2.8524398977382566
1997,Haryana,Rohtak,1658,2.7735338261851012
1997,Haryana,Sirsa,1692,3.151569972713765
1997,Haryana,Sonipat,2194,2.8034649055949328
1997,Haryana,Yamunanagar,1784,2.9905204558327725
1997,Himachal Pradesh,Bilaspur,3525,2.773333333333333
1997,Himachal Pradesh,Chamba,4714,2.6798896902842597
1997,Himachal Pradesh,Hamirpur,14603,2.9189207697048563
1997,Himachal Pradesh,Kangra,11421,2.8034322738814463
1997,Himachal Pradesh,Kinnaur,559,2.7960644007155637
1997,Himachal Pradesh,Kullu,4323,2.7099236641221376
1997,Himachal Pradesh,Mandi,7163,2.7018009214016474
1997,Himachal Pradesh,Shimla,5312,2.7814382530120483
1997,Himachal Pradesh,Sirmaur,3548,2.8638669673055244
1997,Himachal Pradesh,Solan,3452,2.887311703360371
1997,Himachal Pradesh,Una,3990,2.87593984962406
1997,Madhya Pradesh,Balaghat,2238,3.086823774261901
1997,Madhya Pradesh,Barwani,2278,2.9417980310258436
1997,Madhya Pradesh,Betul,2102,2.973691407978492
1997,Madhya Pradesh,Bhind,1805,2.93345500984512
1997,Madhya Pradesh,Bhopal,2092,2.825690341207933
1997,Madhya Pradesh,Chhatarpur,1528,3.084492230567538
1997,Madhya Pradesh,Chhindwara,2136,3.075974444504456
1997,Madhya Pradesh,Damoh,2134,2.9188585683676345
1997,Madhya Pradesh,Datia,1876,2.900318724168712
1997,Madhya Pradesh,Dewas,1653,2.853867164474903
1997,Madhya Pradesh,Dhar,1988,2.9262323218997364
1997,Madhya Pradesh,Dindori,1569,3.1193560745793527
1997,Madhya Pradesh,Guna,1976,2.857755308611276
1997,Madhya Pradesh,Gwalior,1917,2.85646449255403
1997,Madhya Pradesh,Harda,1521,2.925484312096235
1997,Madhya Pradesh,Hoshangabad,1554,2.9360154034432684
1997,Madhya Pradesh,Indore,1709,2.8417705711685475
1997,Madhya Pradesh,Jabalpur,2061,2.8480498175760096
1997,Madhya Pradesh,Jhabua,1833,2.7730931991394066
1997,Madhya Pradesh,Katni,2069,2.8805451574420524
1997,Madhya Pradesh,Khandwa,1829,2.9510484261008894
1997,Madhya Pradesh,Khargone,2165,2.887853828909681
1997,Madhya Pradesh,Mandla,1580,2.9415224477131696
1997,Madhya Pradesh,Mandsaur,2041,3.070122
1997,Madhya Pradesh,Morena,2123,2.91231694386092
1997,Madhya Pradesh,Narsinghpur,1780,3.011804537779024
1997,Madhya Pradesh,Neemuch,2177,3.0866683051515564
1997,Madhya Pradesh,Panna,1736,2.8813969514639415
1997,Madhya Pradesh,Raisen,1560,2.970509948686728
1997,Madhya Pradesh,Rajgarh,2086,2.999162790956032
1997,Madhya Pradesh,Ratlam,2283,2.982586433588264
1997,Madhya Pradesh,Rewa,2181,2.9804081838366194
1997,Madhya Pradesh,Sagar,1761,2.9458580957766816
1997,Madhya Pradesh,Satna,1704,2.93639000268058
1997,Madhya Pradesh,Sehore,1679,2.8692567487473166
1997,Madhya Pradesh,Seoni,2174,3.058292909690178
1997,Madhya Pradesh,Shahdol,1605,2.9412256006647945
1997,Madhya Pradesh,Shajapur,2022,2.9556435535198897
1997,Madhya Pradesh,Sheopur,2006,2.9169195320675567
1997,Madhya Pradesh,Shivpuri,1649,3.0368871081331816
1997,Madhya Pradesh,Sidhi,1618,2.8939372002126444
1997,Madhya Pradesh,Tikamgarh,1591,3.025824124046341
1997,Madhya Pradesh,Ujjain,2109,2.9456634133011845
1997,Madhya Pradesh,Umaria,1972,2.8961597474702048
1997,Madhya Pradesh,Vidisha,1859,2.864578264023688
1997,Manipur,Bishnupur,3314,2.457453228726614
1997,Manipur,Chandel,786,1.7290076335877862
1997,Manipur,Churachandpur,3259,2.544031911629334
1997,Manipur,Imphal East,6107,2.4486654658588507
1997,Manipur,Imphal West,6245,2.541072858286629
1997,Manipur,Senapati,1732,1.9249422632794453
1997,Manipur,Tamenglong,1358,2.9219440353460966
1997,Manipur,Thoubal,6530,2.2459418070444106
1997,Manipur,Ukhrul,1913,1.9874542603240983
1997,Meghalaya,East Garo Hills,2236,2.3653846153846154
1997,Meghalaya,East Jaintia Hills,2414,2.4979287489643744
1997,Meghalaya,East Khasi Hills,13961,2.83016975861328
1997,Meghalaya,Ri Bhoi,5036,2.6650119142176334
1997,Meghalaya,South Garo Hills,2669,2.393780442113151
1997,Meghalaya,West Garo Hills,10509,2.439147397468836
1997,Meghalaya,West Khasi Hills,5912,2.9409675236806496
1997,Mizoram,Aizawl,6797,3.101662498160953
1997,Mizoram,Champhai,2314,3.7372515125324113
1997,Mizoram,Kolasib,1919,3.2470036477331945
1997,Mizoram,Lawngtlai,2228,2.574506283662477
1997,Mizoram,Lunglei,3017,2.710971163407358
1997,Mizoram,Mamit,1497,3.321977287909152
1997,Mizoram,Saiha,1272,2.0526729559748427
1997,Mizoram,Serchhip,1299,3.167821401077752
1997,Uttar Pradesh,Agra,41160,2.8309523809523816
1997,Uttar Pradesh,Aligarh,34990,2.8621891969134037
1997,Uttar Pradesh,Allahabad,43130,2.7691398098771156
1997,Uttar Pradesh,Auraiyya,14481,2.7929010427456658
1997,Uttar Pradesh,Bagpat,12959,2.8306968130256966
1997,Uttar Pradesh,Barabanki,24120,2.7750414593698176
1997,Uttar Pradesh,Bareilly,42053,2.82136827336932
1997,Uttar Pradesh,Bijnor,44273,2.8175185779143046
1997,Uttar Pradesh,Bulandshahr,38354,2.8632997862022216
1997,Uttar Pradesh,Chitrakoot,9284,2.9182464454976302
1997,Uttar Pradesh,Etah,13811,2.7806096589674896
1997,Uttar Pradesh,Faizabad,937,2.8431163287086445
1997,Uttar Pradesh,Farrukhabad,19382,2.848312867609122
1997,Uttar Pradesh,Fatehpur,23711,2.867656362026064
1997,Uttar Pradesh,Firozabad,23901,2.790176143257604
1997,Uttar Pradesh,Gautam Buddh Nagar,15605,2.8404998397949366
1997,Uttar Pradesh,Ghaziabad,25794,2.8248429867411025
1997,Uttar Pradesh,Hamirpur,14603,2.9189207697048563
1997,Uttar Pradesh,Hardoi,23407,2.9763318665356517
1997,Uttar Pradesh,Jalaun,15615,2.8590457893051555
1997,Uttar Pradesh,Jhansi,20143,2.9088517102715583
1997,Uttar Pradesh,Kannauj,12120,2.8193894389438943
1997,Uttar Pradesh,Kanpur Rural,21941,2.7794084134724946
1997,Uttar Pradesh,Kanpur Urban,31752,2.7650541698160747
1997,Uttar Pradesh,Kaushambi,12839,2.803878806760652
1997,Uttar Pradesh,Kheri,43024,2.904797322424693
1997,Uttar Pradesh,Lalitpur,22334,3.0894600161189216
1997,Uttar Pradesh,Lucknow,32445,2.761534905224225
1997,Uttar Pradesh,Mahoba,10865,2.986654394845836
1997,Uttar Pradesh,Mainpuri,19803,2.8460839266777764
1997,Uttar Pradesh,Mathura,24743,2.8410863678616174
1997,Uttar Pradesh,Mau,26,3.0
1997,Uttar Pradesh,Meerut,27283,2.793754352527215
1997,Uttar Pradesh,Moradabad,38716,2.775880772807108
1997,Uttar Pradesh,Muzaffarnagar,29883,2.7751564434628384
1997,Uttar Pradesh,Pilibhit,22629,2.884042600203278
1997,Uttar Pradesh,Pratapgarh,25000,2.81616
1997,Uttar Pradesh,Rae Bareli,19374,2.8402498193455146
1997,Uttar Pradesh,Rampur,23706,2.9241542225596886
1997,Uttar Pradesh,Saharanpur,40450,2.8287762669962917
1997,Uttar Pradesh,Shahjahanpur,25676,2.8958949992210625
1997,Uttar Pradesh,Sitapur,43820,2.902829758101324
1997,Uttar Pradesh,Sultanpur,25890,2.82468134414832
1997,Uttar Pradesh,Unnao,19363,2.8260083664721374
1997,Uttarakhand,Bageshwar,3466,2.726197345643393
1997,Uttarakhand,Chamoli,533,2.6979362101313322
1997,Uttarakhand,Dehradun,22576,2.8492204110559887
1997,Uttarakhand,Nainital,5553,2.777237529263461
1997,Uttarakhand,Pauri Garhwal,10034,2.767390871038469
1997,Uttarakhand,Udham Singh Nagar,1977,2.87202832574608
1997,Uttarakhand,Uttarkashi,4754,2.949516196886832
1998,Andhra Pradesh,Anantapur,19635,2.4609625668449198
1998,Andhra Pradesh,Chittoor,15019,2.173247220187762
1998,Andhra Pradesh,East Godavari,14259,2.6033382425135003
1998,Andhra Pradesh,Guntur,17508,2.6250856751199447
1998,Andhra Pradesh,Kadapa,15236,2.6965082698871097
1998,Andhra Pradesh,Krishna,18656,2.5399335334476842
1998,Andhra Pradesh,Kurnool,19492,2.4656782269649087
1998,Andhra Pradesh,Nellore,7184,2.6840200445434297
1998,Andhra Pradesh,Prakasam,10988,2.718875136512559
1998,Andhra Pradesh,Srikakulam,17546,2.889604468254873
1998,Andhra Pradesh,Visakhapatnam,48546,2.671054257817328
1998,Andhra Pradesh,Vizianagaram,7894,2.8360780339498355
1998,Andhra Pradesh,West Godavari,11517,2.548406703134497
1998,Haryana,Ambala,2316,3.1882556131260795
1998,Haryana,Bhiwani,6734,2.872735372735373
1998,Haryana,Faridabad,4865,2.883042137718397
1998,Haryana,Fatehabad,5831,3.1414851654947693
1998,Haryana,Gurgaon,5309,2.8632510830664915
1998,Haryana,Hisar,5070,2.8743589743589744
1998,Haryana,Jhajjar,3249,2.8479532163742687
1998,Haryana,Jind,5189,2.9078820582000384
1998,Haryana,Kaithal,4274,3.0837622835751053
1998,Haryana,Karnal,4122,2.934497816593886
1998,Haryana,Kurukshetra,4460,3.0948430493273533
1998,Haryana,Mahendragarh,4348,2.895124195032199
1998,Haryana,Panchkula,1497,3.0434201736806945
1998,Haryana,Panipat,5276,2.8288476118271424
1998,Haryana,Rewari,5250,2.8647619047619046
1998,Haryana,Rohtak,3469,2.8284808302104354
1998,Haryana,Sirsa,7459,3.2210752111543104
1998,Haryana,Sonipat,4241,2.8476774345673186
1998,Haryana,Yamunanagar,2210,3.0764705882352943
1998,Himachal Pradesh,Bilaspur,3016,2.7811671087533156
1998,Himachal Pradesh,Chamba,3755,2.7043941411451398
1998,Himachal Pradesh,Hamirpur,12169,2.875749856191963
1998,Himachal Pradesh,Kangra,9378,2.837065472382171
1998,Himachal Pradesh,Kinnaur,511,2.767123287671233
1998,Himachal Pradesh,Kullu,4022,2.6946792640477373
1998,Himachal Pradesh,Mandi,6425,2.7047470817120622
1998,Himachal Pradesh,Shimla,4696,2.7970613287904604
1998,Himachal Pradesh,Sirmaur,3207,2.8537574056750863
1998,Himachal Pradesh,Solan,2867,2.8835019183815835
1998,Himachal Pradesh,Una,3401,2.8891502499264923
1998,Madhya Pradesh,Balaghat,14801,3.025741503952436
1998,Madhya Pradesh,Barwani,7207,2.8457055640349664
1998,Madhya Pradesh,Betul,15203,2.9670459777675458
1998,Madhya Pradesh,Bhind,9655,2.9092698083894355
1998,Madhya Pradesh,Bhopal,15559,2.8300019281444824
1998,Madhya Pradesh,Chhatarpur,11549,2.9996536496666377
1998,Madhya Pradesh,Chhindwara,17787,3.0462697475684486
1998,Madhya Pradesh,Damoh,10770,2.9112349117920147
1998,Madhya Pradesh,Datia,3748,2.9538420490928496
1998,Madhya Pradesh,Dewas,10243,2.8789417162940545
1998,Madhya Pradesh,Dhar,8490,2.8859835100117786
1998,Madhya Pradesh,Dindori,2492,3.059390048154093
1998,Madhya Pradesh,Guna,6674,2.9145939466586754
1998,Madhya Pradesh,Gwalior,11796,2.8840284842319432
1998,Madhya Pradesh,Harda,4653,2.9540081667741243
1998,Madhya Pradesh,Hoshangabad,7429,2.9063130973213083
1998,Madhya Pradesh,Indore,17904,2.8384718498659516
1998,Madhya Pradesh,Jabalpur,10919,2.8321274842018505
1998,Madhya Pradesh,Jhabua,10283,2.766896819994165
1998,Madhya Pradesh,Katni,11234,2.8539255830514514
1998,Madhya Pradesh,Khandwa,8615,2.9123621590249567
1998,Madhya Pradesh,Khargone,9088,2.9326584507042255
1998,Madhya Pradesh,Mandla,6404,2.952998126171143
1998,Madhya Pradesh,Mandsaur,8265,3.154627949183303
1998,Madhya Pradesh,Morena,9728,2.9217722039473686
1998,Madhya Pradesh,Narsinghpur,5467,3.0023779037863543
1998,Madhya Pradesh,Neemuch,4780,3.0401673640167366
1998,Madhya Pradesh,Panna,7639,2.850373085482393
1998,Madhya Pradesh,Raisen,5654,2.9200565970993986
1998,Madhya Pradesh,Rajgarh,7405,2.953679945982444
1998,Madhya Pradesh,Ratlam,9322,2.9391761424586997
1998,Madhya Pradesh,Rewa,15738,3.035455585207777
1998,Madhya Pradesh,Sagar,14359,2.8951180444320634
1998,Madhya Pradesh,Satna,14977,2.9474527609000467
1998,Madhya Pradesh,Sehore,9918,2.8854607783827384
1998,Madhya Pradesh,Seoni,9494,3.021803244154203
1998,Madhya Pradesh,Shahdol,9888,2.9526699029126213
1998,Madhya Pradesh,Shajapur,3856,2.9725103734439835
1998,Madhya Pradesh,Sheopur,4387,3.01322087987235
1998,Madhya Pradesh,Shivpuri,10420,2.924280230326296
1998,Madhya Pradesh,Sidhi,9049,2.9721516189634216
1998,Madhya Pradesh,Tikamgarh,8383,3.030776571633067
1998,Madhya Pradesh,Ujjain,9007,2.9092927722882203
1998,Madhya Pradesh,Umaria,6258,2.9173857462448067
1998,Madhya Pradesh,Vidisha,8297,2.877305050018079
1998,Manipur,Bishnupur,3062,2.4709340300457217
1998,Manipur,Chandel,626,1.8274760383386581
1998,Manipur,Churachandpur,2626,2.535795887281036
1998,Manipur,Imphal East,5922,2.4175954069571093
1998,Manipur,Imphal West,6008,2.5376165113182423
1998,Manipur,Senapati,1435,1.8662020905923344
1998,Manipur,Tamenglong,1043,2.9050814956855224
1998,Manipur,Thoubal,6153,2.2670242158296765
1998,Manipur,Ukhrul,1841,2.0673546985334057
1998,Meghalaya,East Garo Hills,1924,2.3955301455301456
1998,Meghalaya,East Jaintia Hills,2419,2.558495245969409
1998,Meghalaya,East Khasi Hills,12527,2.8459327851840026
1998,Meghalaya,Ri Bhoi,4560,2.6633771929824563
1998,Meghalaya,South Garo Hills,2297,2.377884196778407
1998,Meghalaya,West Garo Hills,11040,2.425905797101449
1998,Meghalaya,West Khasi Hills,5350,2.97196261682243
1998,Mizoram,Aizawl,6401,3.016091235744415
1998,Mizoram,Champhai,2366,3.741335587489434
1998,Mizoram,Kolasib,1819,3.245189664650907
1998,Mizoram,Lawngtlai,2136,2.504681647940075
1998,Mizoram,Lunglei,3019,2.669095727061941
1998,Mizoram,Mamit,1432,3.295391061452514
1998,Mizoram,Saiha,1273,1.9591516103692064
1998,Mizoram,Serchhip,1325,3.107924528301887
1998,Uttar Pradesh,Agra,34477,2.804565362415524
1998,Uttar Pradesh,Aligarh,28950,2.850017271157168
1998,Uttar Pradesh,Allahabad,30889,2.7565152643335815
1998,Uttar Pradesh,Auraiyya,13654,2.7200820272447634
1998,Uttar Pradesh,Bagpat,9841,2.8028655624428414
1998,Uttar Pradesh,Barabanki,15639,2.80644542489929
1998,Uttar Pradesh,Bareilly,26646,2.8347594385648884
1998,Uttar Pradesh,Bijnor,30091,2.808979429065169
1998,Uttar Pradesh,Bulandshahr,24156,2.837845669812883
1998,Uttar Pradesh,Chitrakoot,7791,2.8823000898472597
1998,Uttar Pradesh,Etah,13093,2.7715573207057207
1998,Uttar Pradesh,Faizabad,662,2.7462235649546827
1998,Uttar Pradesh,Farrukhabad,18090,2.829519071310116
1998,Uttar Pradesh,Fatehpur,13960,2.8370343839541547
1998,Uttar Pradesh,Firozabad,21867,2.822929528513285
1998,Uttar Pradesh,Gautam Buddh Nagar,12382,2.843724761750929
1998,Uttar Pradesh,Ghaziabad,18256,2.8299737072743207
1998,Uttar Pradesh,Hamirpur,12169,2.875749856191963
1998,Uttar Pradesh,Hardoi,26472,2.8908658204895734
1998,Uttar Pradesh,Jalaun,11656,2.8697666437886067
1998,Uttar Pradesh,Jhansi,15967,2.8803782802029185
1998,Uttar Pradesh,Kannauj,9221,2.809998915518924
1998,Uttar Pradesh,Kanpur Rural,20476,2.7449208829849585
1998,Uttar Pradesh,Kanpur Urban,28130,2.7600071098471384
1998,Uttar Pradesh,Kaushambi,18114,2.7253505575797727
1998,Uttar Pradesh,Kheri,30224,2.8778454208575965
1998,Uttar Pradesh,Lalitpur,12761,3.0187289397382653
1998,Uttar Pradesh,Lucknow,23742,2.7629938505601888
1998,Uttar Pradesh,Mahoba,7930,2.93266078184111
1998,Uttar Pradesh,Mainpuri,12701,2.8267065585386977
1998,Uttar Pradesh,Mathura,23210,2.8066350710900467
1998,Uttar Pradesh,Mau,12,2.583333333333333
1998,Uttar Pradesh,Meerut,17532,2.7800022815423224
1998,Uttar Pradesh,Moradabad,26785,2.6892290461078963
1998,Uttar Pradesh,Muzaffarnagar,22209,2.771263902021703
1998,Uttar Pradesh,Pilibhit,13179,2.8311708020335384
1998,Uttar Pradesh,Pratapgarh,17226,2.7947288981771736
1998,Uttar Pradesh,Rae Bareli,16304,2.813481354268891
1998,Uttar Pradesh,Rampur,20820,2.899615754082613
1998,Uttar Pradesh,Saharanpur,30321,2.8170574849114485
1998,Uttar Pradesh,Shahjahanpur,24140,2.9087821043910513
1998,Uttar Pradesh,Sitapur,28340,2.872441778405081
1998,Uttar Pradesh,Sultanpur,16265,2.798339993851829
1998,Uttar Pradesh,Unnao,14495,2.7684028975508794
1998,Uttarakhand,Bageshwar,3811,2.76462870637628
1998,Uttarakhand,Chamoli,777,2.7554697554697563
1998,Uttarakhand,Dehradun,17117,2.849740024537009
1998,Uttarakhand,Nainital,4846,2.793437886917045
1998,Uttarakhand,Pauri Garhwal,10714,2.83731566175098
1998,Uttarakhand,Udham Singh Nagar,2486,2.921158487530169
1998,Uttarakhand,Uttarkashi,4049,2.9767843912077057
1999,Andhra Pradesh,Anantapur,12900,2.4192248062015502
1999,Andhra Pradesh,Chittoor,9647,2.155281434642894
1999,Andhra Pradesh,East Godavari,8790,2.5590443686006825
1999,Andhra Pradesh,Guntur,14846,2.5890475548969416
1999,Andhra Pradesh,Kadapa,9509,2.6512777368808496
1999,Andhra Pradesh,Krishna,8881,2.5373268776038733
1999,Andhra Pradesh,Kurnool,13091,2.4622259567641893
1999,Andhra Pradesh,Nellore,5078,2.6707365104371803
1999,Andhra Pradesh,Prakasam,7635,2.676620825147348
1999,Andhra Pradesh,Srikakulam,6811,2.880781089414183
1999,Andhra Pradesh,Visakhapatnam,24622,2.6079116237511166
1999,Andhra Pradesh,Vizianagaram,4607,2.8400260473192964
1999,Andhra Pradesh,West Godavari,7978,2.516670844823264
1999,Haryana,Ambala,1677,3.1830916131260794
1999,Haryana,Bhiwani,1704,2.847799372735373
1999,Haryana,Faridabad,1893,2.878197137718397
1999,Haryana,Fatehabad,2034,3.1288881654947693
1999,Haryana,Gurgaon,2299,2.9003000830664916
1999,Haryana,Hisar,2284,2.9062159743589744
1999,Haryana,Jhajjar,1573,2.8550622163742685
1999,Haryana,Jind,1963,2.8938360582000384
1999,Haryana,Kaithal,2112,3.063694283575105
1999,Haryana,Karnal,2133,2.9490778165938862
1999,Haryana,Kurukshetra,2200,3.1004120493273533
1999,Haryana,Mahendragarh,1651,2.900320195032199
1999,Haryana,Panchkula,1275,3.0112741736806945
1999,Haryana,Panipat,1973,2.8613556118271424
1999,Haryana,Rewari,1769,2.8465469047619045
1999,Haryana,Rohtak,2172,2.8629108302104354
1999,Haryana,Sirsa,2136,3.2436592111543106
1999,Haryana,Sonipat,1784,2.8855494345673187
1999,Haryana,Yamunanagar,1520,3.059112588235294
1999,Himachal Pradesh,Bilaspur,2261,2.8058381247235737
1999,Himachal Pradesh,Chamba,2580,2.7031007751937985
1999,Himachal Pradesh,Hamirpur,7289,2.8747427630676365
1999,Himachal Pradesh,Kangra,6430,2.8601866251944013
1999,Himachal Pradesh,Kinnaur,333,2.84984984984985
1999,Himachal Pradesh,Kullu,2803,2.6999643239386373
1999,Himachal Pradesh,Mandi,4917,2.7189343095383363
1999,Himachal Pradesh,Shimla,3442,2.809122603137711
1999,Himachal Pradesh,Sirmaur,2219,2.853537629562866
1999,Himachal Pradesh,Solan,2355,2.876433121019108
1999,Himachal Pradesh,Una,2524,2.927892234548336
1999,Madhya Pradesh,Balaghat,1933,2.9826085039524357
1999,Madhya Pradesh,Barwani,1717,2.8404355640349666
1999,Madhya Pradesh,Betul,2107,2.9244309777675457
1999,Madhya Pradesh,Bhind,1868,2.9201678083894356
1999,Madhya Pradesh,Bhopal,1632,2.8460969281444823
1999,Madhya Pradesh,Chhatarpur,1770,2.9690326496666377
1999,Madhya Pradesh,Chhindwara,1755,3.0711197475684484
1999,Madhya Pradesh,Damoh,2287,2.9090399117920147
1999,Madhya Pradesh,Datia,1696,2.9306260490928495
1999,Madhya Pradesh,Dewas,1998,2.8805867162940544
1999,Madhya Pradesh,Dhar,1817,2.8852115100117786
1999,Madhya Pradesh,Dindori,1781,3.0418440481540934
1999,Madhya Pradesh,Guna,1637,2.9367889466586754
1999,Madhya Pradesh,Gwalior,1609,2.9040734842319433
1999,Madhya Pradesh,Harda,2060,2.9685861667741245
1999,Madhya Pradesh,Hoshangabad,1806,2.917861097321308
1999,Madhya Pradesh,Indore,2244,2.8603498498659516
1999,Madhya Pradesh,Jabalpur,1584,2.8616054842018506
1999,Madhya Pradesh,Jhabua,2142,2.763460819994165
1999,Madhya Pradesh,Katni,1588,2.8491135830514516
1999,Madhya Pradesh,Khandwa,2000,2.9062401590249567
1999,Madhya Pradesh,Khargone,2226,2.9609094507042255
1999,Madhya Pradesh,Mandla,1545,2.908198126171143
1999,Madhya Pradesh,Mandsaur,1681,3.161026949183303
1999,Madhya Pradesh,Morena,1637,2.9111802039473686
1999,Madhya Pradesh,Narsinghpur,1539,3.0232389037863543
1999,Madhya Pradesh,Neemuch,2149,3.0282253640167367
1999,Madhya Pradesh,Panna,2051,2.855364085482393
1999,Madhya Pradesh,Raisen,1576,2.9202905970993984
1999,Madhya Pradesh,Rajgarh,1612,2.951538945982444
1999,Madhya Pradesh,Ratlam,1827,2.9196611424586996
1999,Madhya Pradesh,Rewa,2192,2.999579585207777
1999,Madhya Pradesh,Sagar,1989,2.8782070444320635
1999,Madhya Pradesh,Satna,2044,2.9511887609000467
1999,Madhya Pradesh,Sehore,1963,2.9071977783827383
1999,Madhya Pradesh,Seoni,1504,3.042045244154203
1999,Madhya Pradesh,Shahdol,1924,2.9664599029126215
1999,Madhya Pradesh,Shajapur,2046,2.9572503734439834
1999,Madhya Pradesh,Sheopur,2061,3.01112987987235
1999,Madhya Pradesh,Shivpuri,2048,2.9138962303262956
1999,Madhya Pradesh,Sidhi,2300,2.9255236189634215
1999,Madhya Pradesh,Tikamgarh,2209,3.010609571633067
1999,Madhya Pradesh,Ujjain,1969,2.8916007722882204
1999,Madhya Pradesh,Umaria,2144,2.956229746244807
1999,Madhya Pradesh,Vidisha,1905,2.9119980500180787
1999,Manipur,Bishnupur,2500,2.5052
1999,Manipur,Chandel,645,1.88062015503876
1999,Manipur,Churachandpur,2638,2.5579984836997727
1999,Manipur,Imphal East,5825,2.4741630901287555
1999,Manipur,Imphal West,6458,2.548776711056054
1999,Manipur,Senapati,1580,1.9424050632911392
1999,Manipur,Tamenglong,1148,2.9625435540069684
1999,Manipur,Thoubal,5184,2.2847222222222223
1999,Manipur,Ukhrul,1269,2.0819542947202523
1999,Meghalaya,East Garo Hills,1557,2.3911368015414256
1999,Meghalaya,East Jaintia Hills,2149,2.5416472778036296
1999,Meghalaya,East Khasi Hills,11224,2.8594975053456877
1999,Meghalaya,Ri Bhoi,3693,2.6959111833197937
1999,Meghalaya,South Garo Hills,2271,2.4209599295464552
1999,Meghalaya,West Garo Hills,6276,2.4404079031230084
1999,Meghalaya,West Khasi Hills,4516,2.9891496899911427
1999,Mizoram,Aizawl,5774,2.9987876688604085
1999,Mizoram,Champhai,2076,3.6512524084778417
1999,Mizoram,Kolasib,1679,3.217391304347826
1999,Mizoram,Lawngtlai,1763,2.477027793533749
1999,Mizoram,Lunglei,3309,2.7292233303112723
1999,Mizoram,Mamit,1203,3.369908561928512
1999,Mizoram,Saiha,1150,2.04
1999,Mizoram,Serchhip,1061,3.2045240339302543
1999,Uttar Pradesh,Agra,19923,2.7899412739045326
1999,Uttar Pradesh,Aligarh,20476,2.847870677866771
1999,Uttar Pradesh,Allahabad,24612,2.7911587843328456
1999,Uttar Pradesh,Auraiyya,7720,2.7284974093264247
1999,Uttar Pradesh,Bagpat,4495,2.8109010011123465
1999,Uttar Pradesh,Barabanki,5488,2.8261661807580176
1999,Uttar Pradesh,Bareilly,22495,2.8246721493665268
1999,Uttar Pradesh,Bijnor,22119,2.8201094082010942
1999,Uttar Pradesh,Bulandshahr,11971,2.8677637624258625
1999,Uttar Pradesh,Chitrakoot,9139,2.885326622168728
1999,Uttar Pradesh,Etah,12822,2.758851973171112
1999,Uttar Pradesh,Faizabad,320,2.761132
1999,Uttar Pradesh,Farrukhabad,12088,2.8490238252812707
1999,Uttar Pradesh,Fatehpur,10048,2.8810708598726116
1999,Uttar Pradesh,Firozabad,19920,2.8232429718875496
1999,Uttar Pradesh,Gautam Buddh Nagar,9133,2.8303952699003614
1999,Uttar Pradesh,Ghaziabad,13013,2.83531852762622
1999,Uttar Pradesh,Hamirpur,7289,2.8747427630676365
1999,Uttar Pradesh,Hardoi,15325,2.9098858075040783
1999,Uttar Pradesh,Jalaun,9625,2.8716883116883123
1999,Uttar Pradesh,Jhansi,11218,2.911124977714388
1999,Uttar Pradesh,Kannauj,5376,2.814360119047619
1999,Uttar Pradesh,Kanpur Rural,22551,2.7562857522947986
1999,Uttar Pradesh,Kanpur Urban,17813,2.7656206141582
1999,Uttar Pradesh,Kaushambi,10262,2.7370882868836484
1999,Uttar Pradesh,Kheri,18791,2.896280134106753
1999,Uttar Pradesh,Lalitpur,17649,3.0319564847866736
1999,Uttar Pradesh,Lucknow,8745,2.806060606060606
1999,Uttar Pradesh,Mahoba,5616,2.9786324786324787
1999,Uttar Pradesh,Mainpuri,9966,2.8742725265904068
1999,Uttar Pradesh,Mathura,13895,2.8272040302267003
1999,Uttar Pradesh,Mau,11,2.4545454545454546
1999,Uttar Pradesh,Meerut,13762,2.779901177154484
1999,Uttar Pradesh,Moradabad,15591,2.7524212686806493
1999,Uttar Pradesh,Muzaffarnagar,7396,2.7729853975121688
1999,Uttar Pradesh,Pilibhit,10060,2.8613320079522864
1999,Uttar Pradesh,Pratapgarh,8796,2.7536380172805823
1999,Uttar Pradesh,Rae Bareli,6772,2.86370348493798
1999,Uttar Pradesh,Rampur,12236,2.9451618175874468
1999,Uttar Pradesh,Saharanpur,20023,2.8177096339209915
1999,Uttar Pradesh,Shahjahanpur,25316,2.9280692052456945
1999,Uttar Pradesh,Sitapur,18980,2.9017386722866174
1999,Uttar Pradesh,Sultanpur,8490,2.84110718492344
1999,Uttar Pradesh,Unnao,6025,2.8522821576763486
1999,Uttarakhand,Bageshwar,2497,2.7440929114937926
1999,Uttarakhand,Chamoli,866,2.792147806004619
1999,Uttarakhand,Dehradun,11514,2.8561750911933297
1999,Uttarakhand,Nainital,4040,2.7948019801980197
1999,Uttarakhand,Pauri Garhwal,6957,2.8477792151789565
1999,Uttarakhand,Udham Singh Nagar,3354,2.896541443053072
1999,Uttarakhand,Uttarkashi,2567,2.962991819244253
2000,Andhra Pradesh,Anantapur,4474,2.4166294143942784
2000,Andhra Pradesh,Chittoor,2859,2.2500874431619446
2000,Andhra Pradesh,East Godavari,3691,2.476835545922514
2000,Andhra Pradesh,Guntur,6700,2.535223880597015
2000,Andhra Pradesh,Kadapa,3106,2.6860914359304573
2000,Andhra Pradesh,Krishna,3418,2.521357519016969
2000,Andhra Pradesh,Kurnool,5629,2.5420145674187244
2000,Andhra Pradesh,Nellore,1496,2.643048128342246
2000,Andhra Pradesh,Prakasam,2506,2.670391061452514
2000,Andhra Pradesh,Srikakulam,2423,2.8712340074288063
2000,Andhra Pradesh,Visakhapatnam,6111,2.5578465063001143
2000,Andhra Pradesh,Vizianagaram,1728,2.8159722222222223
2000,Andhra Pradesh,West Godavari,3115,2.5101123595505617
2000,Haryana,Ambala,1514,3.1622916131260794
2000,Haryana,Bhiwani,1357,2.821494372735373
2000,Haryana,Faridabad,1519,2.8875331377183966
2000,Haryana,Fatehabad,1845,3.0803701654947693
2000,Haryana,Gurgaon,2141,2.9392260830664916
2000,Haryana,Hisar,1756,2.8866669743589743
2000,Haryana,Jhajjar,1516,2.8456892163742684
2000,Haryana,Jind,1722,2.881536058200038
2000,Haryana,Kaithal,1880,3.0527092835751053
2000,Haryana,Karnal,1958,2.928863816593886
2000,Haryana,Kurukshetra,2140,3.098384049327353
2000,Haryana,Mahendragarh,1029,2.935655195032199
2000,Haryana,Panchkula,977,2.9804281736806946
2000,Haryana,Panipat,1541,2.8641386118271424
2000,Haryana,Rewari,1521,2.8670329047619045
2000,Haryana,Rohtak,2114,2.8958868302104355
2000,Haryana,Sirsa,1650,3.2512262111543104
2000,Haryana,Sonipat,1521,2.864092434567319
2000,Haryana,Yamunanagar,1124,3.063207588235294
2000,Himachal Pradesh,Bilaspur,1349,2.8154188287620463
2000,Himachal Pradesh,Chamba,1311,2.7437070938215102
2000,Himachal Pradesh,Hamirpur,1780,2.7848314606741567
2000,Himachal Pradesh,Kangra,3056,2.8527486910994764
2000,Himachal Pradesh,Kinnaur,230,2.7782608695652176
2000,Himachal Pradesh,Kullu,1562,2.736235595390525
2000,Himachal Pradesh,Mandi,2958,2.718052738336714
2000,Himachal Pradesh,Shimla,2140,2.7841121495327097
2000,Himachal Pradesh,Sirmaur,1352,2.886094674556213
2000,Himachal Pradesh,Solan,1197,2.87218045112782
2000,Himachal Pradesh,Una,1021,2.9020568070519097
2000,Madhya Pradesh,Balaghat,1595,2.9992235039524355
2000,Madhya Pradesh,Barwani,1420,2.8634415640349666
2000,Madhya Pradesh,Betul,1898,2.9620149777675455
2000,Madhya Pradesh,Bhind,1729,2.9587208083894354
2000,Madhya Pradesh,Bhopal,1087,2.8255849281444823
2000,Madhya Pradesh,Chhatarpur,1492,2.969618649666638
2000,Madhya Pradesh,Chhindwara,1726,3.056112747568448
2000,Madhya Pradesh,Damoh,1979,2.918937911792015
2000,Madhya Pradesh,Datia,1300,2.9462740490928496
2000,Madhya Pradesh,Dewas,1537,2.8984847162940546
2000,Madhya Pradesh,Dhar,1578,2.8871365100117785
2000,Madhya Pradesh,Dindori,1624,3.0616180481540933
2000,Madhya Pradesh,Guna,1613,2.928218946658675
2000,Madhya Pradesh,Gwalior,1531,2.9236414842319434
2000,Madhya Pradesh,Harda,1643,2.9542111667741247
2000,Madhya Pradesh,Hoshangabad,1799,2.904542097321308
2000,Madhya Pradesh,Indore,2230,2.8853938498659515
2000,Madhya Pradesh,Jabalpur,1041,2.8615294842018506
2000,Madhya Pradesh,Jhabua,1811,2.7400988199941647
2000,Madhya Pradesh,Katni,1453,2.8807675830514516
2000,Madhya Pradesh,Khandwa,1594,2.9142361590249566
2000,Madhya Pradesh,Khargone,1506,2.9174314507042256
2000,Madhya Pradesh,Mandla,1531,2.883576126171143
2000,Madhya Pradesh,Mandsaur,1546,3.1231599491833033
2000,Madhya Pradesh,Morena,1286,2.8931752039473686
2000,Madhya Pradesh,Narsinghpur,1228,2.994214903786354
2000,Madhya Pradesh,Neemuch,1787,2.9946873640167366
2000,Madhya Pradesh,Panna,1962,2.855834085482393
2000,Madhya Pradesh,Raisen,1338,2.9041545970993985
2000,Madhya Pradesh,Rajgarh,1204,2.955134945982444
2000,Madhya Pradesh,Ratlam,1814,2.9080471424586998
2000,Madhya Pradesh,Rewa,2044,2.956800585207777
2000,Madhya Pradesh,Sagar,1673,2.8952360444320635
2000,Madhya Pradesh,Satna,1654,2.9059887609000468
2000,Madhya Pradesh,Sehore,1940,2.8955737783827384
2000,Madhya Pradesh,Seoni,1237,2.998639244154203
2000,Madhya Pradesh,Shahdol,1787,2.9525409029126215
2000,Madhya Pradesh,Shajapur,1834,2.9516513734439833
2000,Madhya Pradesh,Sheopur,1771,3.02516987987235
2000,Madhya Pradesh,Shivpuri,2030,2.9193832303262957
2000,Madhya Pradesh,Sidhi,1857,2.9368866189634213
2000,Madhya Pradesh,Tikamgarh,1929,2.9907445716330674
2000,Madhya Pradesh,Ujjain,1933,2.9038987722882204
2000,Madhya Pradesh,Umaria,1559,2.912185746244807
2000,Madhya Pradesh,Vidisha,1842,2.9460710500180785
2000,Manipur,Bishnupur,538,2.434025
2000,Manipur,Chandel,526,2.00628815503876
2000,Manipur,Churachandpur,515,2.672200483699773
2000,Manipur,Imphal East,509,2.611105090128756
2000,Manipur,Imphal West,507,2.5717547110560544
2000,Manipur,Senapati,540,1.8070100632911392
2000,Manipur,Tamenglong,536,3.0308755540069683
2000,Manipur,Thoubal,507,2.2921742222222217
2000,Manipur,Ukhrul,512,2.0284712947202523
2000,Meghalaya,East Garo Hills,517,2.372669801541426
2000,Meghalaya,East Jaintia Hills,526,2.509945277803629
2000,Meghalaya,East Khasi Hills,536,2.9672805053456877
2000,Meghalaya,Ri Bhoi,514,2.6096331833197937
2000,Meghalaya,South Garo Hills,513,2.464771929546455
2000,Meghalaya,West Garo Hills,504,2.590934903123008
2000,Meghalaya,West Khasi Hills,509,2.8677506899911434
2000,Mizoram,Aizawl,32,3.375
2000,Mizoram,Champhai,602,3.8222591362126246
2000,Mizoram,Kolasib,569,3.117750439367311
2000,Mizoram,Lawngtlai,52,2.3461538461538463
2000,Mizoram,Lunglei,1332,2.558558558558558
2000,Mizoram,Mamit,11,3.6363636363636362
2000,Mizoram,Saiha,970,1.9608247422680407
2000,Mizoram,Serchhip,4,3.0
2000,Uttar Pradesh,Agra,1652,2.7626762739045327
2000,Uttar Pradesh,Aligarh,1793,2.860129677866771
2000,Uttar Pradesh,Allahabad,2174,2.7913137843328455
2000,Uttar Pradesh,Auraiyya,2175,2.765619409326425
2000,Uttar Pradesh,Bagpat,1650,2.7812630011123467
2000,Uttar Pradesh,Barabanki,1890,2.8108971807580176
2000,Uttar Pradesh,Bareilly,1596,2.8055991493665267
2000,Uttar Pradesh,Bijnor,2238,2.835222408201094
2000,Uttar Pradesh,Bulandshahr,1518,2.8813207624258625
2000,Uttar Pradesh,Chitrakoot,1985,2.897604622168728
2000,Uttar Pradesh,Etah,1846,2.769901973171112
2000,Uttar Pradesh,Faizabad,126,2.774361
2000,Uttar Pradesh,Farrukhabad,2107,2.8305458252812707
2000,Uttar Pradesh,Fatehpur,1781,2.9203748598726116
2000,Uttar Pradesh,Firozabad,2226,2.8240189718875497
2000,Uttar Pradesh,Gautam Buddh Nagar,1638,2.8511662699003613
2000,Uttar Pradesh,Ghaziabad,2275,2.84284052762622
2000,Uttar Pradesh,Hamirpur,1829,2.8517607630676367
2000,Uttar Pradesh,Hardoi,2272,2.947231807504078
2000,Uttar Pradesh,Jalaun,1558,2.8787143116883125
2000,Uttar Pradesh,Jhansi,2162,2.9179789777143883
2000,Uttar Pradesh,Kannauj,2204,2.834114119047619
2000,Uttar Pradesh,Kanpur Rural,1585,2.7400587522947983
2000,Uttar Pradesh,Kanpur Urban,2267,2.7799516141582
2000,Uttar Pradesh,Kaushambi,1864,2.747940286883648
2000,Uttar Pradesh,Kheri,2293,2.926584134106753
2000,Uttar Pradesh,Lalitpur,1933,3.0347194847866734
2000,Uttar Pradesh,Lucknow,1622,2.827893606060606
2000,Uttar Pradesh,Mahoba,1937,2.9735704786324786
2000,Uttar Pradesh,Mainpuri,1624,2.850206526590407
2000,Uttar Pradesh,Mathura,2093,2.8260770302267004
2000,Uttar Pradesh,Mau,17,2.4592834545454547
2000,Uttar Pradesh,Meerut,2055,2.8081661771544844
2000,Uttar Pradesh,Moradabad,2274,2.7355222686806493
2000,Uttar Pradesh,Muzaffarnagar,2025,2.764439397512169
2000,Uttar Pradesh,Pilibhit,1696,2.8492910079522864
2000,Uttar Pradesh,Pratapgarh,2194,2.7290670172805824
2000,Uttar Pradesh,Rae Bareli,2032,2.87494148493798
2000,Uttar Pradesh,Rampur,1888,2.913925817587447
2000,Uttar Pradesh,Saharanpur,1818,2.7911306339209916
2000,Uttar Pradesh,Shahjahanpur,1981,2.9290612052456946
2000,Uttar Pradesh,Sitapur,1549,2.9153466722866175
2000,Uttar Pradesh,Sultanpur,1660,2.86180518492344
2000,Uttar Pradesh,Unnao,2132,2.878704157676349
2000,Uttarakhand,Bageshwar,505,2.8059405940594058
2000,Uttarakhand,Chamoli,322,2.814232
2000,Uttarakhand,Dehradun,4207,2.8388400285238884
2000,Uttarakhand,Nainital,495,2.8464646464646464
2000,Uttarakhand,Pauri Garhwal,1447,2.8984105044920527
2000,Uttarakhand,Udham Singh Nagar,5590,2.9311270125223614
2000,Uttarakhand,Uttarkashi,15,3.0
